Mass,LogL,LogL_lb,LogL_ub
0.07,-3.587066057616246,-3.6286582454080953,-3.5496195817595764
0.07100000000000001,-3.5699332147608747,-3.609790210415014,-3.5342645083595223
0.07200000000000001,-3.55303747704857,-3.5906730265604905,-3.5185459868461986
0.07300000000000001,-3.535809548094033,-3.57216526386547,-3.50287449564353
0.07400000000000001,-3.5188364047027845,-3.553645973741636,-3.487180144356737
0.07500000000000001,-3.5019264141978557,-3.5353305130967985,-3.471513967265752
0.07600000000000001,-3.485216713626383,-3.5168050544787355,-3.4560812921646393
0.07700000000000001,-3.468302413496695,-3.4987419631148313,-3.440535733307801
0.07800000000000001,-3.4518234954654567,-3.480693929173384,-3.425135172359541
0.07900000000000001,-3.435299250518536,-3.462642398829723,-3.4097176852541047
0.08000000000000002,-3.418696947482032,-3.4451941821363734,-3.3942414961058676
0.08100000000000002,-3.40251255904192,-3.427527024541477,-3.3789779848629995
0.08200000000000002,-3.386052371137287,-3.409972547922506,-3.363750418074653
0.08229766542876583,-3.3812947707165404,-3.4049332519384112,-3.3592750216147866
0.083,-3.369887101931644,-3.392977048945471,-3.3485293405776595
0.084,-3.3537709682657604,-3.3758101356436425,-3.3331893900991316
0.085,-3.337816744464729,-3.3587971592125996,-3.317890662932347
0.08600000000000001,-3.3217834795031154,-3.342118346889243,-3.302762092817678
0.08700000000000001,-3.3059028805788886,-3.325798193178828,-3.2876114816161035
0.08800000000000001,-3.290292456637906,-3.3096292991968506,-3.2725335707778394
0.08811479731439766,-3.2883864178272177,-3.307587733599246,-3.2708076569345854
0.08900000000000001,-3.27462382865271,-3.2933546725150933,-3.257459211436849
0.08980164496364623,-3.262239343107595,-3.2805538113286876,-3.2456377138718
0.09000000000000001,-3.2591212327748784,-3.277317469620832,-3.242683318202509
0.09100000000000001,-3.243750353134541,-3.2617421729612754,-3.227442945022128
0.09138426165976109,-3.2378917733585544,-3.2555193768682145,-3.221858419467627
0.09200000000000001,-3.2286133567309743,-3.245905812476649,-3.2128005829034247
0.09291457976248862,-3.2147936404669846,-3.231678054502633,-3.1991474843057914
0.09300000000000001,-3.2134843837849476,-3.230440501641552,-3.1979841891252634
0.09400000000000001,-3.198487251234158,-3.2150240734561777,-3.183047506115493
0.09500000000000001,-3.18359479406805,-3.199860284251521,-3.1683031250191815
0.09600000000000002,-3.168910609806439,-3.1850222330819538,-3.153631527481158
0.09700000000000002,-3.1542650005338366,-3.1702792896835916,-3.1392270033263814
0.09800000000000002,-3.139771929388704,-3.15575920530003,-3.1246514969296575
0.09900000000000002,-3.1256002024473277,-3.141153865836866,-3.1104015275542682
0.1,-3.1113764589903226,-3.1269154231426315,-3.0959869964369346
0.101,-3.097176942896973,-3.112819742760344,-3.081761433942942
0.10200000000000001,-3.083305421799839,-3.09886953501871,-3.067469838913415
0.10300000000000001,-3.069433973011531,-3.0849945953158917,-3.0536494595684296
0.10400000000000001,-3.055706288708511,-3.0713033477081946,-3.039844050884449
0.10500000000000001,-3.042314572132308,-3.058050386813023,-3.026184077231184
0.10600000000000001,-3.028862925966907,-3.044654665619951,-3.012630229721256
0.10700000000000001,-3.015570152024866,-3.031457963121767,-2.9991004656200344
0.10800000000000001,-3.0024898697092093,-3.0184136139729314,-2.9858761062504087
0.10900000000000001,-2.9895788194361326,-3.005439137000653,-2.972736077207852
0.11000000000000001,-2.9767111504128545,-2.992796309164718,-2.9596797666006767
0.11007472155582318,-2.975734256115748,-2.991867703200107,-2.9587724073084813
0.11100000000000002,-2.9640484903760997,-2.9803494595806477,-2.9468960675829066
0.11200000000000002,-2.951605321130778,-2.9680625753690624,-2.934120383061185
0.11300000000000002,-2.9391611039686634,-2.9556632139025885,-2.921398420140574
0.11400000000000002,-2.9268540332746764,-2.9434964984567418,-2.909014514378665
0.11500000000000002,-2.9147922132779036,-2.9315129855182005,-2.8969251824642765
0.11600000000000002,-2.902864466744541,-2.9193907240003707,-2.8849328614556704
0.11700000000000002,-2.89109449235114,-2.907643721407075,-2.8731222912252297
0.11800000000000002,-2.8793222711827626,-2.896126741969706,-2.861277214983132
0.11900000000000002,-2.8679572576776784,-2.884420976131664,-2.8497393144326075
0.12000000000000002,-2.8563716143276094,-2.873133254194271,-2.8383062757681166
0.12100000000000002,-2.8452608857525936,-2.861905656175926,-2.826947643667365
0.12200000000000003,-2.8341473146863176,-2.8508165694220056,-2.8158251915181993
0.12290698460103891,-2.824197811409314,-2.840945270977209,-2.805906768230522
0.12300000000000003,-2.823285794786595,-2.8399215362565142,-2.8049892722742262
0.12400000000000003,-2.812381656684999,-2.829152888940637,-2.7939601216741408
0.12500000000000003,-2.8016784812873983,-2.81848194603322,-2.7833363293098805
0.1251806565391655,-2.7997398321466336,-2.816620573155935,-2.7814830691018857
0.12600000000000003,-2.791271013956415,-2.8079919929080965,-2.7726803977862486
0.12700000000000003,-2.780784039423847,-2.7974780446184506,-2.762580668909326
0.12800000000000003,-2.77046185038939,-2.7872250205837994,-2.7523132827490895
0.129,-2.7603652484151517,-2.7769764699745547,-2.7423067585557708
0.13,-2.7504806503150427,-2.767008185855829,-2.732448167472917
0.131,-2.740677434131224,-2.7571486354872374,-2.722861173436776
0.132,-2.730972813885802,-2.747265244688869,-2.713295093436783
0.133,-2.7214168521248796,-2.737606081760355,-2.7037981814494794
0.134,-2.7120579515803995,-2.728164027736885,-2.6946500545551184
0.135,-2.7027210164669446,-2.718662533965673,-2.685626085552005
0.136,-2.693628735991597,-2.709465096748407,-2.6766187564930286
0.137,-2.6846799239363355,-2.7001918211757774,-2.6678956141598835
0.138,-2.675725411700009,-2.6911724795518923,-2.659159186828485
0.139,-2.6670562328613716,-2.6824695518147883,-2.6506187484423513
0.14,-2.6584402793688158,-2.6734919037928813,-2.642251599794884
0.14100000000000001,-2.6498912643987973,-2.6648330113723944,-2.6341030146639
0.14200000000000002,-2.641584126335602,-2.656423922188771,-2.6259060208805973
0.14300000000000002,-2.633295160827908,-2.6478047524982267,-2.617842482526394
0.14400000000000002,-2.625192718740707,-2.6395283495104254,-2.6101004365468183
0.14500000000000002,-2.6172520549213223,-2.631436868440156,-2.602330794619269
0.14505466870481754,-2.61676084835021,-2.6309676643781414,-2.6017969299828922
0.14600000000000002,-2.6093771402052077,-2.623285019575211,-2.5946181573402933
0.14700000000000002,-2.60160057642545,-2.61532450095635,-2.587207006889815
0.14800000000000002,-2.594020330727446,-2.6074972134888497,-2.5797878932268485
0.14900000000000002,-2.5865511659733498,-2.5997092615482473,-2.5726405815576605
0.15000000000000002,-2.5791876562770173,-2.5923012835635433,-2.565442342164749
0.15100000000000002,-2.5716863044200986,-2.584775834473005,-2.558415942774869
0.15200000000000002,-2.564650387841516,-2.5772413857840504,-2.5514299625618717
0.15300000000000002,-2.5574246107421166,-2.5699974325669572,-2.544712909809618
0.15400000000000003,-2.5504616651963934,-2.5627825191361557,-2.5380250653486183
0.15500000000000003,-2.5435157347949495,-2.55576907224537,-2.531413958534865
0.15600000000000003,-2.5368161330238452,-2.5488340526630475,-2.524761238391772
0.15700000000000003,-2.5300033432134743,-2.5419085093900313,-2.5182391789913843
0.15731213362868723,-2.527977697641477,-2.539748366919519,-2.516212117871228
0.15800000000000003,-2.5233367124897716,-2.535126183543567,-2.511879453460216
0.15900000000000003,-2.516902656737587,-2.5284760213769184,-2.5055530177234457
0.16000000000000003,-2.510491926141187,-2.5218862581281405,-2.4992664214003995
0.16100000000000003,-2.5041604575665,-2.515388373732886,-2.4931074277029635
0.16103665083914465,-2.503956256395581,-2.5151387780649705,-2.492797233200588
0.16200000000000003,-2.4979189547174543,-2.508987399883393,-2.4870115321673136
0.16300000000000003,-2.4918144400671345,-2.502692379300323,-2.4810050619700936
0.16400000000000003,-2.4856168242215646,-2.4964509354914366,-2.4750768308496625
0.16500000000000004,-2.4796973761122043,-2.4903497524018183,-2.4690793917153333
0.16600000000000004,-2.473833525630977,-2.484321612085791,-2.463348981594164
0.16700000000000004,-2.4679639973211005,-2.4784739307456016,-2.4575373130098694
0.16800000000000004,-2.4621772348392525,-2.4726044064193444,-2.4518601058042133
0.16900000000000004,-2.456505293782434,-2.466808478852717,-2.446250578031725
0.17000000000000004,-2.4508773354582454,-2.461273210434419,-2.4405983328153833
0.17100000000000004,-2.445267643058096,-2.4555971195610424,-2.4352213050366442
0.17200000000000004,-2.439768207836802,-2.450276659568217,-2.4297359007795625
0.17300000000000004,-2.4343923197034325,-2.4447318267120486,-2.424161153567229
0.17400000000000004,-2.429000288855929,-2.4395037770976566,-2.4187671014226244
0.17500000000000004,-2.4236258808805538,-2.434201140689024,-2.4133945899751734
0.17600000000000005,-2.4183135786264316,-2.4290185160323574,-2.408088255342997
0.17609128923313835,-2.4178731794717705,-2.428425864118248,-2.407526407737982
0.17700000000000005,-2.413103806641499,-2.42370852446807,-2.402590866981032
0.17734875983495368,-2.4113057476045316,-2.4218910083688265,-2.4007660689008783
0.17800000000000005,-2.4078215443808775,-2.4186637412997847,-2.3973172203220114
0.17900000000000005,-2.402719730524695,-2.413578951920117,-2.391991762065312
0.18000000000000005,-2.397744075629373,-2.4085874949763943,-2.386714480031525
0.18100000000000005,-2.392702251333483,-2.403606506110025,-2.3815406334550238
0.18149697679567303,-2.3901040164759233,-2.4012222047022913,-2.3789710074182757
0.18200000000000005,-2.387619962548976,-2.398682392797914,-2.3763920457920027
0.18260064118189623,-2.3845831955207295,-2.3957850753228187,-2.3732627991662456
0.18300000000000005,-2.382569466324943,-2.3936793743847056,-2.371316148813965
0.18400000000000005,-2.377717951855666,-2.388926523933928,-2.3662308332778252
0.18500000000000005,-2.3727399860606972,-2.384199318620526,-2.3611936957663424
0.18600000000000005,-2.3678350471856335,-2.379494002651204,-2.35620060438375
0.18700000000000006,-2.362988828690738,-2.3748285136633793,-2.351288874285742
0.18800000000000003,-2.358074606323176,-2.3701060519560704,-2.346242106769996
0.18900000000000003,-2.353368882309086,-2.3654501537523434,-2.3415037854006435
0.19000000000000003,-2.3486096980771833,-2.3608977049793083,-2.336674054175573
0.19100000000000003,-2.3439344029532956,-2.3562145634950804,-2.3318932904280656
0.19200000000000003,-2.3392030315985313,-2.3517234629952775,-2.3271401878793427
0.19300000000000003,-2.334593678760391,-2.347145097265436,-2.3224585306657817
0.19394416339916454,-2.330168192523177,-2.342948052479053,-2.317974096441315
0.19400000000000003,-2.329813834182338,-2.34270640726467,-2.317787636004401
0.19500000000000003,-2.3252639458190925,-2.33818420929362,-2.3130776461924305
0.19600000000000004,-2.3207720947744086,-2.3337099794053175,-2.308565408073233
0.19700000000000004,-2.3161443833812787,-2.329240166884391,-2.3039507803412045
0.19800000000000004,-2.3116475536747823,-2.3248492481070815,-2.299555387026592
0.19900000000000004,-2.3071003787448614,-2.3202349231997665,-2.294997417719377
0.20000000000000004,-2.3027239763015497,-2.31594069809319,-2.290572171821363
0.20100000000000004,-2.298346223947328,-2.311460794511424,-2.2862820019584067
0.20200000000000004,-2.2939068461954637,-2.30717253078269,-2.2817783574633825
0.20300000000000004,-2.289677798404791,-2.3027068494072713,-2.2773464090039663
0.20400000000000004,-2.285395933672885,-2.298404184775393,-2.2729531200579842
0.20500000000000004,-2.2810692442554137,-2.2941251931898803,-2.2687476771386033
0.20600000000000004,-2.276804989857324,-2.2898122804339707,-2.2645126266894917
0.20700000000000005,-2.2724616422292074,-2.2855299363281514,-2.260339505339865
0.20800000000000005,-2.2682958217031732,-2.281320666438819,-2.256030584791966
0.20900000000000005,-2.264113909909378,-2.276989331512847,-2.2519642143792242
0.21000000000000005,-2.259928574717822,-2.2728745282734577,-2.2478623753363007
0.21100000000000005,-2.2558599985674688,-2.268776092221813,-2.2438292527755612
0.21200000000000005,-2.2517942964805364,-2.264504847847979,-2.2397459688782164
0.21300000000000005,-2.247704352804152,-2.260344884912594,-2.2358727104071408
0.21400000000000005,-2.2437084362991797,-2.2561052671714097,-2.231921545766684
0.21500000000000005,-2.2396731511160195,-2.2522465688766093,-2.2280564203426314
0.21600000000000005,-2.235744275340015,-2.2481042789874652,-2.224242620294314
0.21700000000000005,-2.2318089840360265,-2.2439275943673613,-2.2203162493553563
0.21800000000000005,-2.227855409212915,-2.240011472112293,-2.216453016961244
0.21821012277366883,-2.2270754150022727,-2.239079362063535,-2.215785189589918
0.21900000000000006,-2.224035820625943,-2.2361100410418513,-2.2127681412962317
0.22000000000000003,-2.220235782995866,-2.232147257114481,-2.209099538307223
0.22100000000000003,-2.216409009287994,-2.2282032089987096,-2.2053507071496137
0.22200000000000003,-2.212686657541351,-2.2242214764155337,-2.201749436246119
0.22300000000000003,-2.208877872559336,-2.2202744587426944,-2.1981265286012603
0.22400000000000003,-2.2052563173709423,-2.2165593551558973,-2.194598629767599
0.22500000000000003,-2.2016342516365297,-2.2126864885958772,-2.190991025852662
0.22600000000000003,-2.1979214461942576,-2.208987871808239,-2.1873867260217756
0.22700000000000004,-2.194422998677021,-2.2052448509271447,-2.1838294874520097
0.22800000000000004,-2.1908300978467645,-2.201493885052204,-2.1803218546863534
0.22900000000000004,-2.1871912542755507,-2.197807402537065,-2.1769081668991794
0.23000000000000004,-2.1837358357092516,-2.1941737939988863,-2.173394709067196
0.23100000000000004,-2.1801714602429465,-2.190595586562843,-2.1700385519795367
0.2315577696814219,-2.1782145173024268,-2.1885497704624974,-2.1681174643784984
0.23200000000000004,-2.176725775840392,-2.186867302559935,-2.1666825785329378
0.23300000000000004,-2.1732887559269587,-2.1833524045078843,-2.1632011214535556
0.23400000000000004,-2.1698392729850555,-2.179754857602904,-2.159937986527837
0.23500000000000004,-2.16652037425242,-2.1764874441988376,-2.156471605629464
0.23529072343218344,-2.1655582803668363,-2.1753096993500662,-2.1555594059118257
0.23600000000000004,-2.16307507135051,-2.1728384809035415,-2.1531836864575995
0.23700000000000004,-2.159695767251744,-2.1693434213741423,-2.149908814603144
0.23721027294373204,-2.159014730165949,-2.1686958012938415,-2.1491605902574347
0.23800000000000004,-2.1563877155815905,-2.166032861387732,-2.1466388404970074
0.23900000000000005,-2.1531913320456,-2.162504342622761,-2.1434517628967695
0.24000000000000005,-2.14972296774282,-2.1591191975718314,-2.140245311338427
0.24021939504308476,-2.1490123526089864,-2.158427075274828,-2.1395599095880935
0.24100000000000005,-2.146411449471445,-2.155988197176918,-2.1369517966586127
0.24200000000000005,-2.143179286854562,-2.1525525261669043,-2.1337601428647552
0.24300000000000005,-2.1399796395606625,-2.1492270668541935,-2.130565465241701
0.24400000000000005,-2.1367091231974564,-2.1459960922942223,-2.127401354167162
0.24500000000000005,-2.133549990663709,-2.142804371334053,-2.1242650504667786
0.24600000000000005,-2.1303342851854894,-2.139573591362127,-2.1211283646594414
0.24700000000000005,-2.1271431132139096,-2.1361393220665383,-2.118167663683161
0.24800000000000005,-2.1239996410150757,-2.1331323181448827,-2.114980558519136
0.24900000000000005,-2.1208191419206175,-2.129880112005891,-2.11189411386432
0.25000000000000006,-2.1178026965140027,-2.1267961994509874,-2.10889448150086
0.25100000000000006,-2.1146642273559424,-2.123685233192033,-2.1057602802755504
0.25200000000000006,-2.111601210020577,-2.1205894059560824,-2.1026800262285676
0.2529016479389201,-2.108852797982869,-2.1176882249384037,-2.100069775703354
0.25300000000000006,-2.1084934965082285,-2.1174517578634635,-2.0997290512875457
0.25400000000000006,-2.1054894193654263,-2.1143912831158125,-2.096754406780382
0.25500000000000006,-2.10252174856445,-2.111269053100523,-2.093733273805942
0.25600000000000006,-2.0994563279147753,-2.1082024483475443,-2.090820105245764
0.25700000000000006,-2.0964436436652703,-2.1052149951363894,-2.0878202075729186
0.25800000000000006,-2.093505741797207,-2.1021488477164976,-2.0849599456688894
0.25900000000000006,-2.090507892768742,-2.099231173504776,-2.0819491375178716
0.26000000000000006,-2.0875802228591906,-2.096119098171494,-2.079049503696723
0.26100000000000007,-2.0846064074756203,-2.0931860396429913,-2.0762515019590086
0.26200000000000007,-2.081772987272772,-2.090357199106064,-2.073331503842142
0.26259866929352804,-2.0799199707275524,-2.0884662471733515,-2.0714674607923302
0.263,-2.0788138744578495,-2.087246560998154,-2.0704410511643645
0.264,-2.0758806616556593,-2.0843565479423187,-2.067386206103669
0.26452825918377354,-2.074303285979471,-2.082888248959642,-2.0659027150029594
0.265,-2.072995602707766,-2.081386067165365,-2.064513326675021
0.266,-2.0700680955532933,-2.078408862139753,-2.0617481817503
0.267,-2.067133825608802,-2.0754572019238227,-2.0588274691853243
0.268,-2.064323140585315,-2.0727392359598866,-2.0558165048536345
0.26818548647790896,-2.0637939510548042,-2.07213576731308,-2.0552846028585567
0.269,-2.061366594692516,-2.0697199420731978,-2.052898384158315
0.27,-2.0585624291171754,-2.06687412327999,-2.0500248876854106
0.271,-2.0555964057763125,-2.0639939595887715,-2.0470901872086085
0.27136983668260917,-2.054529997159398,-2.0629444797743615,-2.0459425188775158
0.272,-2.052651371204752,-2.061083677486522,-2.0441024622553625
0.273,-2.0498259728654875,-2.0581725691358916,-2.041157253368907
0.274,-2.046869280752624,-2.0554106473339404,-2.0383940752761784
0.27423300427535136,-2.0462004544085683,-2.0547269064718137,-2.0375649578710915
0.275,-2.0440194298728596,-2.052425325677938,-2.0353571787653717
0.276,-2.0410821316222965,-2.049560763545754,-2.032389296595352
0.277,-2.038196649680218,-2.046696644801822,-2.029508242924761
0.278,-2.03526559450685,-2.0439030138347833,-2.026660336784204
0.279,-2.032311948090267,-2.041115448129643,-2.023646407001962
0.28,-2.029338061719035,-2.0381296745036472,-2.0207536402542576
0.281,-2.0264706096565743,-2.0352727596388687,-2.0178748163370988
0.28200000000000003,-2.023556019623067,-2.0324920933710096,-2.0148577606763065
0.28300000000000003,-2.020598374537291,-2.029558998157601,-2.0119047635769114
0.28400000000000003,-2.017665394240118,-2.0267654380886437,-2.008977292381462
0.28500000000000003,-2.0147124536014376,-2.0237679026239332,-2.0059951162511593
0.28600000000000003,-2.0117450033724253,-2.020895336628866,-2.003067119368062
0.28700000000000003,-2.0088286634143504,-2.017933197159432,-2.000045620579198
0.28800000000000003,-2.0058130029483534,-2.0149397412812204,-1.9971125517793171
0.28900000000000003,-2.0029459659363926,-2.011948070806545,-1.9940450810124037
0.29000000000000004,-1.9999639855035813,-2.0090646842204505,-1.9910322822026274
0.29100000000000004,-1.9968491778826793,-2.0061165733958903,-1.988008505141361
0.29200000000000004,-1.99381437110228,-2.0030276648895073,-1.985056362063406
0.29300000000000004,-1.9908155868564652,-1.9999582743364295,-1.9820646911729267
0.29400000000000004,-1.9878601016613338,-1.9972684010089545,-1.9789027335080158
0.29428121960450315,-1.9870037594480354,-1.9962047883383418,-1.9781158557179697
0.29500000000000004,-1.9847557622811318,-1.9939442741699176,-1.9758600601862994
0.29600000000000004,-1.9817477624689905,-1.9910258562204648,-1.9727134019264718
0.29700000000000004,-1.97862682478174,-1.9880263806462466,-1.9696161361510935
0.29800000000000004,-1.9755999690930641,-1.9849198212329506,-1.9663867475615895
0.29819329599549477,-1.9749917760262465,-1.984261252558216,-1.9659489173071725
0.29900000000000004,-1.972493126203545,-1.9818280177164453,-1.9633233701510984
0.30000000000000004,-1.969379337265365,-1.9788240896413467,-1.9601518806148643
0.30100000000000005,-1.9662379206055958,-1.9756468825022342,-1.9570375960140771
0.30200000000000005,-1.9631285853861185,-1.9725205822167338,-1.9537518729603711
0.30300000000000005,-1.959881171185252,-1.9694749141994259,-1.9507066905566144
0.3035271393442765,-1.9581714953406646,-1.9676737617622653,-1.9489423122958143
0.3037108917529434,-1.9576972414176819,-1.967116957693768,-1.9483640794367614
0.30400000000000005,-1.9567639128724559,-1.9662475688741772,-1.9474164815295563
0.30500000000000005,-1.9534690206422956,-1.9629273576701727,-1.944146653333179
0.30600000000000005,-1.9503049167895423,-1.9598399087911968,-1.9410641886343467
0.30700000000000005,-1.9471951491932455,-1.9567341647959058,-1.9375781369088743
0.3071751507199879,-1.9465507613489414,-1.9560337634855027,-1.936998479275182
0.30800000000000005,-1.943844772880706,-1.953377315057573,-1.9343579800082407
0.30900000000000005,-1.9405618366986084,-1.9501539938749648,-1.9309721633846757
0.31000000000000005,-1.9373555376262197,-1.9468868333299927,-1.9277226585291256
0.31100000000000005,-1.9340179672960844,-1.9437578264151862,-1.924270484939877
0.31200000000000006,-1.9307278917896198,-1.9404547259072578,-1.9209924943030776
0.31300000000000006,-1.927470250051404,-1.9372252900958404,-1.9174857927869549
0.31400000000000006,-1.924124238543996,-1.9338556734576946,-1.9141895233244206
0.31500000000000006,-1.9207142233478387,-1.9306280581631787,-1.910705506527796
0.3159081157786916,-1.9176454885853187,-1.9275796788811186,-1.9076219385643274
0.31600000000000006,-1.917326651232243,-1.927435672956193,-1.9071785872751204
0.31700000000000006,-1.9139230080873917,-1.9239362546812369,-1.9039242584151141
0.31800000000000006,-1.9105488903855412,-1.9207031685911529,-1.9002759225452612
0.31900000000000006,-1.9070788094817732,-1.917356150120519,-1.896890552729079
0.32000000000000006,-1.9036451248782023,-1.9140495256976044,-1.8933050200158044
0.32008860907817804,-1.9032605100843987,-1.9137502628700738,-1.8930172922479256
0.32100000000000006,-1.90013145593959,-1.9105263738393363,-1.889747841902532
0.32200000000000006,-1.8967156454932597,-1.9071896933461217,-1.8861622656048453
0.32300000000000006,-1.8931632577466977,-1.9039088415184413,-1.882670459872034
0.32400000000000007,-1.8896713756489967,-1.9002570171057904,-1.878979649507575
0.32500000000000007,-1.8862272071537147,-1.8969263000156293,-1.8752887151602369
0.32600000000000007,-1.8826461215532584,-1.8934514511501002,-1.871570761878179
0.32670376805998674,-1.8802061336588407,-1.8908587177305978,-1.8691938485585817
0.32700000000000007,-1.879090583122156,-1.8899856808218285,-1.868078658590714
0.32800000000000007,-1.875578633710338,-1.8863857063917258,-1.864507189439872
0.32900000000000007,-1.8719578848878846,-1.8829900049372477,-1.86071382750334
0.33000000000000007,-1.86842161766976,-1.8795291356083903,-1.8570200792488212
0.33100000000000007,-1.864875594033629,-1.876077751521294,-1.8532617798904472
0.3320000000000001,-1.8614009631819814,-1.8725459435951217,-1.8496410096701763
0.3330000000000001,-1.8577168317534154,-1.8690663013358075,-1.8460149040143943
0.3340000000000001,-1.8540797550842099,-1.8656434389644563,-1.8422988966884792
0.3350000000000001,-1.85045915937844,-1.8622360481523708,-1.8385026681518093
0.3360000000000001,-1.846938533142458,-1.858787385127712,-1.8346884735935935
0.3360275057092562,-1.8468771553118004,-1.8585971061203532,-1.8346797654065072
0.3370000000000001,-1.8434154279117556,-1.8552710285051528,-1.8309472989493052
0.3380000000000001,-1.8397937598397982,-1.8518221869327327,-1.8272049076043713
0.3390000000000001,-1.8362024164070263,-1.8483635843328345,-1.8235738687662026
0.3400000000000001,-1.832646878613028,-1.8448566389254601,-1.8198599059836913
0.3410000000000001,-1.8290825845340681,-1.841416907241539,-1.816082697769338
0.3420000000000001,-1.8254663306956798,-1.8379178846376978,-1.8123868177732751
0.3430000000000001,-1.8218827599690124,-1.8345544063729924,-1.8086719941788245
0.3440000000000001,-1.8182802250905423,-1.8310950993292745,-1.8048873666167495
0.3450000000000001,-1.8148318882757244,-1.827638974997894,-1.8010414932630203
0.3459180882588884,-1.8115135980126886,-1.8245933395562188,-1.7978037743955093
0.3460000000000001,-1.811272656254697,-1.8242725770654102,-1.7975165683351433
0.3470000000000001,-1.8078371477157678,-1.8209588612973961,-1.7937970517307322
0.3480000000000001,-1.8042436790008907,-1.8176307088400636,-1.7901778107871467
0.3490000000000001,-1.8007872772659943,-1.8141507637752858,-1.7863415364433632
0.3500000000000001,-1.7973693256251715,-1.8108416813366806,-1.7828057124596755
0.3510000000000001,-1.7938176536515535,-1.8074499676299243,-1.7791744625361017
0.3520000000000001,-1.7904975157124081,-1.8043525371534566,-1.7755804199891934
0.35270937664471524,-1.7880630400938635,-1.8018537918219626,-1.7729977982746088
0.3530000000000001,-1.7870159697046737,-1.8010247187242072,-1.7719857800897434
0.3540000000000001,-1.7836801448610857,-1.797589317007847,-1.7685443546138742
0.3550000000000001,-1.7804727176212092,-1.7943569196492084,-1.764956047813555
0.3553068390981111,-1.7794033639673583,-1.793191629416388,-1.7638325714598875
0.3560000000000001,-1.777033065652126,-1.79105002820857,-1.7615696587284027
0.3570000000000001,-1.77373823535736,-1.7879303992252582,-1.7580953999881248
0.3580000000000001,-1.7704591846375033,-1.784534890450004,-1.7545425411612827
0.3590000000000001,-1.7672343669118997,-1.78131430765458,-1.7512881727776732
0.3600000000000001,-1.7639622585291415,-1.7781678635144944,-1.7478158069471417
0.3610000000000001,-1.760867561067403,-1.7750907376928362,-1.7446697085462757
0.3620000000000001,-1.7575566198323076,-1.771929209022003,-1.741450785729941
0.3630000000000001,-1.7544599247084398,-1.7688384666745578,-1.7382038863260711
0.3640000000000001,-1.7514841020916698,-1.7656914742929826,-1.735025160410438
0.3650000000000001,-1.7482476283220323,-1.7626620205337522,-1.7320166196887852
0.3660000000000001,-1.7453490262865725,-1.759603146274575,-1.7290129451696836
0.3670000000000001,-1.742267072055046,-1.7566214593907608,-1.725997301188459
0.3680000000000001,-1.7393744316394606,-1.7536165425827202,-1.7229008657958915
0.36900000000000005,-1.7364576744060858,-1.7506744283423372,-1.7199938399122392
0.37000000000000005,-1.7335160980844317,-1.7477856884675442,-1.7173970524636781
0.37100000000000005,-1.7305831664737883,-1.7448725956284772,-1.714650451315944
0.37200000000000005,-1.7278108298124224,-1.7421305906863402,-1.7117424081652723
0.37300000000000005,-1.7249767089358086,-1.7392425678740215,-1.7092683117257348
0.37400000000000005,-1.7221724438294026,-1.7363077048126212,-1.7064898296635707
0.37500000000000006,-1.719395984242309,-1.7335946656815473,-1.703956860337661
0.37600000000000006,-1.7166516609560465,-1.7308003432490584,-1.7012378254820792
0.37700000000000006,-1.71410713508737,-1.727991273473866,-1.698946904028276
0.37800000000000006,-1.7114173445619807,-1.7253866476084743,-1.6964555478952374
0.37900000000000006,-1.708752527428588,-1.7226374634158623,-1.6940315796715708
0.38000000000000006,-1.706289594751175,-1.7198239424378314,-1.6917805719328194
0.38100000000000006,-1.7038215242954833,-1.7172831469639347,-1.6894416409866997
0.38200000000000006,-1.7013184059382849,-1.7145592632567594,-1.68736832699178
0.38300000000000006,-1.6988782940186122,-1.7119246341390115,-1.6851461077125767
0.38400000000000006,-1.6964363231734405,-1.7092332994039658,-1.6830121010005277
0.38500000000000006,-1.6941788467840557,-1.7068394367413853,-1.6810214210585315
0.38600000000000007,-1.6918327468303134,-1.7041579978748764,-1.6789089519161426
0.38700000000000007,-1.6895557194352764,-1.7017587211628484,-1.677036943872158
0.38800000000000007,-1.68724634432599,-1.699333990592451,-1.6750589973111716
0.3889236042162152,-1.6852573330944178,-1.6970128964795772,-1.6734043275592136
0.38900000000000007,-1.6850286926603202,-1.696881057607314,-1.673181484237189
0.39000000000000007,-1.6828702158986357,-1.69437633603766,-1.6714444443250414
0.39100000000000007,-1.6806726931505154,-1.6920839422190608,-1.6696496369526774
0.39200000000000007,-1.6785355357476934,-1.689745667398746,-1.667922505924592
0.39252757016455536,-1.6774495265397151,-1.6886601583715586,-1.666923155235122
0.39300000000000007,-1.6764970570287308,-1.6875731381969719,-1.6662103278637281
0.3940000000000001,-1.6745323341241036,-1.685268229164727,-1.6643524937273622
0.3950000000000001,-1.672474464681403,-1.6830259906659206,-1.6627439387482097
0.3960000000000001,-1.6705327013382054,-1.680846241220119,-1.6610099104708822
0.3970000000000001,-1.6685354626709157,-1.6785758495999277,-1.6593306967239967
0.3980000000000001,-1.6666936221881663,-1.676575314567554,-1.6577360689952054
0.3990000000000001,-1.6648548276219919,-1.6745030157566363,-1.6561106665031047
0.4000000000000001,-1.6630700797585076,-1.6723033260534632,-1.654358135154196
0.4010000000000001,-1.6611696135146012,-1.6704473755234788,-1.6526850194878637
0.4020000000000001,-1.6594508083762645,-1.6682651980361047,-1.6509329972010571
0.4030000000000001,-1.6576990313921052,-1.6663712663930221,-1.6493085838315982
0.4040000000000001,-1.6559601494223883,-1.664585897823875,-1.6473774995427188
0.4050000000000001,-1.6541778475524753,-1.6628230290298576,-1.6455684690012293
0.40536323829516313,-1.6536144142159348,-1.662248693675207,-1.6449634903894188
0.4060000000000001,-1.652445934139442,-1.6610676950788696,-1.6437602376962794
0.4070000000000001,-1.6507718910215834,-1.659417676494292,-1.6417954708263873
0.4080000000000001,-1.6489546816814853,-1.6577757428758813,-1.6399393863208394
0.4090000000000001,-1.6472031424961031,-1.65606039622923,-1.6379806800214753
0.4100000000000001,-1.6454297292905302,-1.6544064300000223,-1.6360419432863242
0.41067343058300265,-1.6442436710699406,-1.6532082611800618,-1.6346737452337639
0.4110000000000001,-1.6435341812437094,-1.65272254523064,-1.6339290327714204
0.4120000000000001,-1.6416313582357722,-1.6511229796752895,-1.632040513878929
0.4130000000000001,-1.6399117931014493,-1.6494779306448484,-1.630019309924755
0.41302240271594065,-1.6398171777094719,-1.6494765313869189,-1.6298724567169245
0.4140000000000001,-1.6380264361655514,-1.6478935980791822,-1.6279781329164558
0.4150000000000001,-1.6362299252583576,-1.6463084195481912,-1.6260219735325836
0.4160000000000001,-1.6343538857504192,-1.6444767044903577,-1.6238894118806848
0.4170000000000001,-1.6324113526333142,-1.6428968028272506,-1.6217553982491584
0.4180000000000001,-1.630606235404821,-1.6411319815541705,-1.6197882772569892
0.4190000000000001,-1.628628765300919,-1.6394867425563169,-1.6176035492431113
0.4200000000000001,-1.626663290903185,-1.637823704545754,-1.6154270116640714
0.4210000000000001,-1.624782060463639,-1.6359826166542137,-1.6132674453795057
0.4220000000000001,-1.622718849036756,-1.6342851325173244,-1.611290488272266
0.4230000000000001,-1.6207630331873806,-1.632519168539337,-1.609046666882954
0.4240000000000001,-1.6186718192972651,-1.6307373425085698,-1.6067536620025693
0.4250000000000001,-1.6165736678833342,-1.628785718181649,-1.6044815757585715
0.4250810591092923,-1.6164882587254434,-1.6286969842358112,-1.6043589989289175
0.42563907293008796,-1.6152110156731416,-1.6274930660254872,-1.603171237175177
0.4260000000000001,-1.6144591180209584,-1.6269286143461947,-1.6024147518369172
0.4270000000000001,-1.6124930027185167,-1.6250198041409498,-1.600119769879658
0.4280000000000001,-1.610283812994305,-1.6230685756392798,-1.5978978521265095
0.4290000000000001,-1.6080845432452402,-1.62109648065773,-1.5957665399311887
0.4300000000000001,-1.6060490691197327,-1.6191154098289209,-1.5932981246545745
0.4310000000000001,-1.6038269805425154,-1.6171143366088447,-1.5910717686041167
0.4320000000000001,-1.601623599089471,-1.6150363481809704,-1.588861296633437
0.4330000000000001,-1.5994241864354062,-1.6128910016505127,-1.5864037108559155
0.4340000000000001,-1.597279659072679,-1.6107875538918266,-1.5842227666678481
0.4350000000000001,-1.5949423366398514,-1.6085261485074809,-1.5817561933414526
0.4360000000000001,-1.5925768605359198,-1.60640370265561,-1.5792619678601998
0.4370000000000001,-1.590335497562109,-1.6040640460294435,-1.5769992015797953
0.4380000000000001,-1.5879402469359507,-1.6019655981814394,-1.5745487300680665
0.4390000000000001,-1.585565029144191,-1.5996184616330118,-1.5721384669504084
0.4400000000000001,-1.5832358686334347,-1.5972515997756633,-1.56965104771186
0.44054675150163847,-1.581974943437705,-1.5960199232711525,-1.5683402457973696
0.4410000000000001,-1.5808381973057404,-1.5949779336471235,-1.5672605530136137
0.4420000000000001,-1.578375101431266,-1.5926573179285586,-1.5648372545810827
0.4430000000000001,-1.5758959497460654,-1.590214355238101,-1.562332794594048
0.4440000000000001,-1.5736068165793964,-1.5877701927304846,-1.5597342376782117
0.4450000000000001,-1.5710803879835504,-1.5851107443277024,-1.5572262335335527
0.4460000000000001,-1.5685718100583212,-1.5828057970715386,-1.5547699746836672
0.4470000000000001,-1.5659949934866675,-1.5802712721833667,-1.552262749346585
0.4480000000000001,-1.5634044559235991,-1.577719825222736,-1.5495323310976459
0.4490000000000001,-1.5609313483040501,-1.5749671570381283,-1.5469996543111284
0.4500000000000001,-1.5583393795571814,-1.5724365040862522,-1.5444656283016132
0.4510000000000001,-1.5557627584132048,-1.5698884453103938,-1.5417026665654485
0.4520000000000001,-1.553131682685287,-1.5672622967429723,-1.5392107081820043
0.4530000000000001,-1.5505104484089902,-1.564456536860074,-1.5365250490138587
0.4540000000000001,-1.5477497635981834,-1.5618052381652927,-1.5337127589067974
0.45500000000000007,-1.5450855458677102,-1.5590577942591557,-1.531042145546956
0.45600000000000007,-1.5423036903922829,-1.5563326213318627,-1.5282283952021243
0.4570000000000001,-1.5396805581129898,-1.5535731446352075,-1.5255403271026386
0.4580000000000001,-1.536933379905511,-1.5508750398808324,-1.5228222642997973
0.4590000000000001,-1.5341242775368666,-1.548006368080435,-1.5200912890012983
0.4600000000000001,-1.5314420549633865,-1.545330721857564,-1.517126825874987
0.46079381980549183,-1.5291735390417251,-1.543117921711309,-1.5148104832144322
0.4610000000000001,-1.5285299306312268,-1.542581523674147,-1.5144026406257365
0.4620000000000001,-1.525766231615377,-1.5396688727795402,-1.5116525896758706
0.4630000000000001,-1.5228318866780712,-1.5368358361210863,-1.5087784656084193
0.4640000000000001,-1.5199483446467021,-1.5339637723267128,-1.5059617138236185
0.4650000000000001,-1.5171143282218278,-1.531069654121186,-1.5030728506312467
0.46539542261852596,-1.5160240161110172,-1.530048695910605,-1.5020364981055956
0.4660000000000001,-1.514328535189711,-1.5283814615693436,-1.500184377046171
0.4670000000000001,-1.5113084448489849,-1.5254698663303476,-1.4973044555683355
0.4680000000000001,-1.5084861092846613,-1.5225643142153011,-1.4944500316931175
0.4690000000000001,-1.505516094516019,-1.5196704156663996,-1.4915195149239413
0.4700000000000001,-1.5025717735890038,-1.5166266421398087,-1.4885585995231498
0.4710000000000001,-1.4996819972533504,-1.5137252517055237,-1.4856459796763115
0.4720000000000001,-1.4967755487468941,-1.5107191443146153,-1.4828632357090465
0.4730000000000001,-1.4936392799358986,-1.507760388663443,-1.4797376639911366
0.4740000000000001,-1.4906957031730037,-1.5047912476566738,-1.4768468692771983
0.4750000000000001,-1.4877062453374463,-1.5016910103302386,-1.4737349492484866
0.4760000000000001,-1.4847842926498322,-1.4986831258485063,-1.4708221327840552
0.4770000000000001,-1.4818147305472982,-1.4957270105782525,-1.4677695887546875
0.4780000000000001,-1.478837310113371,-1.4928651921930318,-1.46488289645861
0.4790000000000001,-1.4759476129134939,-1.489638095224024,-1.461632742584317
0.47916487467198,-1.475405636687563,-1.4891812068001595,-1.4613134724886778
0.4800000000000001,-1.4728951995055177,-1.486733950352991,-1.4587474589116485
0.4810000000000001,-1.4698319978541665,-1.4836689240514227,-1.4557816891731559
0.4820000000000001,-1.4669760596750332,-1.4806056415409499,-1.4528205288241123
0.4830000000000001,-1.463954068099497,-1.4777822017919005,-1.449699261066642
0.4840000000000001,-1.4608912239820309,-1.4747564181245965,-1.4466488989821351
0.48492429613217025,-1.4580624872007864,-1.4718572351069144,-1.443879298982501
0.4850000000000001,-1.457944732313221,-1.4717102149425334,-1.4437254245912177
0.4860000000000001,-1.4549305731520086,-1.4687058923089782,-1.4407098536856862
0.4870000000000001,-1.451959381025183,-1.4655766226384666,-1.4377719369841604
0.4876791463813632,-1.449896990276662,-1.4635173421894665,-1.4356820262277394
0.4880000000000001,-1.4490238726103057,-1.4625535301270283,-1.434699670014264
0.4890000000000001,-1.4459598697213147,-1.459489270061824,-1.4316634282747214
0.4900000000000001,-1.4429873946150458,-1.4566333117410974,-1.4287467101416431
0.4910000000000001,-1.4399980535855936,-1.45355305122898,-1.425619483965364
0.4920000000000001,-1.4369765125559668,-1.4507386224669971,-1.422669741940575
0.4930000000000001,-1.4340492880430054,-1.4477488742894682,-1.4196173654706223
0.4940000000000001,-1.4309728099880121,-1.4448665939335157,-1.41662151065854
0.4950000000000001,-1.4279511247268937,-1.4419065492845664,-1.41366576350533
0.49530570055301915,-1.427128374418747,-1.4409135397536121,-1.41262464551607
0.4960000000000001,-1.4249665159007026,-1.4388557144661012,-1.410507440732553
0.4970000000000001,-1.422038966958933,-1.4359091620107642,-1.4075422707769008
0.4980000000000001,-1.419031958015399,-1.4328993111523562,-1.4047665306963333
0.4990000000000001,-1.416107604983076,-1.430002289788174,-1.4015925114165348
0.5000000000000001,-1.413147307395249,-1.4268971428257688,-1.398682428540707
0.5010000000000001,-1.4101491182338923,-1.424086974464768,-1.3956186996000746
0.5020000000000001,-1.407237545791917,-1.4211893986256607,-1.39272671392662
0.502351060658057,-1.406244325772644,-1.4201435851289639,-1.3917018508445398
0.5030000000000001,-1.4043589877994975,-1.4182297746509966,-1.38976265976462
0.5040000000000001,-1.401476808863828,-1.4152881213609425,-1.3866789102693726
0.5050000000000001,-1.3984263546132958,-1.4125129379234214,-1.3838705568711593
0.5060000000000001,-1.3955005838162702,-1.4094692503413542,-1.3808732542285653
0.5070000000000001,-1.3926841645203414,-1.406708650899742,-1.3778003326718085
0.5080000000000001,-1.3896361109388713,-1.4037315394195362,-1.3747398391696812
0.5090000000000001,-1.3867341413856562,-1.4008175473297984,-1.3719295636882625
0.5100000000000001,-1.3838202908026682,-1.398110970279828,-1.3690529279283097
0.5110000000000001,-1.380920876198196,-1.3951283017143021,-1.3659998156113873
0.5120000000000001,-1.3780426102356673,-1.3923272274754377,-1.363224752501338
0.5130000000000001,-1.3749953731563322,-1.3892957650491549,-1.3602284791992312
0.5140000000000001,-1.3721210894130382,-1.3864293820208162,-1.3573692558541874
0.5150000000000001,-1.3692646899172376,-1.383576791572469,-1.3545818818945
0.5160000000000001,-1.366356127558212,-1.3807825557914706,-1.3516346628379972
0.5170000000000001,-1.3634712176988084,-1.377736343006692,-1.3486538707959295
0.5180000000000001,-1.3606794450409083,-1.3748265636509676,-1.3459419355642073
0.5190000000000001,-1.3577814241756798,-1.3721283087643676,-1.343149233555392
0.5200000000000001,-1.3547522347148337,-1.3691421894295965,-1.3401819419018837
0.5210000000000001,-1.352055482212275,-1.3662728594804063,-1.3374044135120338
0.5220000000000001,-1.3491107824857758,-1.3633399515371853,-1.3346427302315662
0.5230000000000001,-1.3462536167625603,-1.3606092253656583,-1.3317866780645389
0.5239716844460169,-1.343522966883278,-1.357756094423281,-1.3290709481657212
0.5240000000000001,-1.3434439980892068,-1.3576874684221556,-1.3290352313452782
0.5250000000000001,-1.34059467761847,-1.3549338075549,-1.3261103517341581
0.5260000000000001,-1.337861028015206,-1.352041898526673,-1.3233507095279808
0.5270000000000001,-1.3349936307620038,-1.3491964317542369,-1.3206474184193397
0.5280000000000001,-1.332168993779331,-1.3463866984034993,-1.3179495665273344
0.5290000000000001,-1.3293696584734214,-1.3435968586842928,-1.3152164819471344
0.5300000000000001,-1.3264552957662452,-1.3407140425223263,-1.312417997081083
0.5310000000000001,-1.323602489698449,-1.337844675068684,-1.3098686045043537
0.5320000000000001,-1.3209248605834676,-1.3349661506802533,-1.3071865900567121
0.5330000000000001,-1.318040337211308,-1.332188991072734,-1.3044394710887428
0.5340000000000001,-1.3154274326256428,-1.3292521466460312,-1.301806473753521
0.5350000000000001,-1.312676467490506,-1.3265290357132282,-1.2990976628152144
0.5360000000000001,-1.3097975001992408,-1.3237677527742984,-1.2963805985625054
0.5370000000000001,-1.307141384580463,-1.3207814494761683,-1.293913391156258
0.5380000000000001,-1.3043575899539475,-1.3180790572399905,-1.2913040727323177
0.5390000000000001,-1.301715002507148,-1.315276359823979,-1.2885490926085974
0.54,-1.2990670052747184,-1.3126219166807247,-1.285848383514554
0.5409099435927622,-1.2965361749695772,-1.3098592778731413,-1.2835817892621562
0.5410000000000001,-1.2963216415802,-1.3098485839160268,-1.283119801410584
0.542,-1.2937750283243008,-1.3070056965408994,-1.2806482552698277
0.5430000000000001,-1.2910411820978243,-1.304140859423665,-1.2780047825564158
0.544,-1.2884399384215008,-1.3015187636856396,-1.275405706258196
0.5450000000000002,-1.2857597777992111,-1.298752362473997,-1.2727463190354102
0.5451499868232611,-1.2853325236800144,-1.2984217983529824,-1.2723190917746883
0.546,-1.2832253775669464,-1.2960934420568828,-1.270130978949239
0.5470000000000002,-1.2806035433861793,-1.293476282958555,-1.26737649685657
0.547074622343345,-1.2803815280970565,-1.2932904347578176,-1.2674181278113519
0.548,-1.2779962404909233,-1.2907994210377765,-1.2648117980070257
0.5490000000000002,-1.2754654299273729,-1.2880999715496007,-1.2620704101595528
0.55,-1.2728462712814423,-1.2855558952172004,-1.2595062040280114
0.5510000000000002,-1.270196697590436,-1.2830628625950904,-1.2567773474281085
0.5513296517400597,-1.2695200537717302,-1.282092315875767,-1.2557250256830852
0.552,-1.2677622511880502,-1.2802751595862085,-1.2539426453638978
0.552761719306835,-1.2656928415748134,-1.2783792476998168,-1.252009820541375
0.5530000000000002,-1.2650453658606113,-1.2776076488767136,-1.2512416131312865
0.554,-1.2624423371135216,-1.2752198156295902,-1.2484693134354305
0.5550000000000002,-1.2599272580037457,-1.2725220668542558,-1.2457334861058578
0.556,-1.2571653971561068,-1.2698644080689194,-1.2430485922404133
0.5565150943746826,-1.2559164338886535,-1.2686913468039716,-1.2414903206515975
0.5570000000000002,-1.2546797403665144,-1.2673507371410417,-1.2402651829881746
0.558,-1.2520648812660227,-1.2647723402417144,-1.2374931036352061
0.5590000000000002,-1.2494269800862832,-1.2623351852581233,-1.2345332579254873
0.56,-1.2467708130228696,-1.2598234825566084,-1.2316624372488392
0.5603358474285367,-1.2458883750500207,-1.2590087004961625,-1.2307181442560966
0.5610000000000002,-1.2442205476887276,-1.2573149008487732,-1.2287951022513952
0.562,-1.2414070326042514,-1.2549505071512188,-1.2258733022061818
0.5630000000000002,-1.2388700440756575,-1.2524596121406344,-1.2231174433258176
0.5640000000000001,-1.2361608851359893,-1.2500103717190747,-1.2201728093537154
0.5650000000000002,-1.2335758791303135,-1.2476315773902005,-1.217150081277445
0.5660000000000001,-1.2307380703954012,-1.2453017227006655,-1.2141211421676164
0.5670000000000002,-1.2281656152030667,-1.2427423191895115,-1.2112719542644292
0.5680000000000001,-1.2255059855732813,-1.2404545694526203,-1.2083146898915762
0.5690000000000002,-1.222781055591177,-1.2380970145599342,-1.2053155029448932
0.5700000000000001,-1.2201297576257164,-1.2356191089685078,-1.2021465911947349
0.5710000000000002,-1.2172878422507662,-1.2330491772755054,-1.1992371411418095
0.5720000000000001,-1.2145566978684212,-1.2305916749006571,-1.1959782185825987
0.5730000000000002,-1.2117477228534885,-1.2280742711871069,-1.1931250003185274
0.5740000000000001,-1.20885491040904,-1.225607322317062,-1.1900058289937467
0.5750000000000002,-1.2062071057742962,-1.2229117737808743,-1.1871014848755304
0.5760000000000001,-1.2034345615624769,-1.2203088582751724,-1.1839950752479576
0.5770000000000002,-1.200547158887726,-1.2179214852689046,-1.1808554010095598
0.5780000000000001,-1.1977217916807077,-1.2152982506291148,-1.1777633098342846
0.5790000000000002,-1.1949375332720176,-1.2126354444719423,-1.1745847034358499
0.5800000000000001,-1.1920613137859992,-1.21025034337928,-1.1715992802903987
0.5810000000000002,-1.1892259466884363,-1.20750156888123,-1.168508530042645
0.5820000000000001,-1.1862877304946398,-1.2050154348409086,-1.1654417576190483
0.5830000000000002,-1.1835395663316048,-1.2023737297157011,-1.1623831058304825
0.5840000000000001,-1.1807211362517027,-1.1996635576220305,-1.159252662248349
0.5850000000000002,-1.1777289228738772,-1.1971153182081875,-1.1562488155560315
0.5860000000000001,-1.1748501630229216,-1.19445929314259,-1.1531496449559493
0.5870000000000002,-1.171940171144926,-1.1917420978707252,-1.1500229933298773
0.5880000000000001,-1.1689842580793623,-1.1888371381188576,-1.1469603998001738
0.5890000000000002,-1.1660325045833382,-1.1862964120007373,-1.1437565096530138
0.5899094400932794,-1.1633278689321092,-1.1839110468916145,-1.1408480313885632
0.5900000000000001,-1.1630983612083934,-1.1835262821229748,-1.1405203597731752
0.5910000000000002,-1.1600212604018674,-1.1807710365709179,-1.1373300223278777
0.5920000000000001,-1.156986223137897,-1.1780202469603094,-1.1344600341263829
0.5930000000000002,-1.1541596171803636,-1.1751850626135596,-1.1312054195124521
0.5940000000000001,-1.1511446567207317,-1.1724513587551286,-1.1282432682384163
0.5950000000000002,-1.1481598306840244,-1.1694763538456892,-1.1250307970950975
0.5960000000000001,-1.1451899304216426,-1.1667507946763562,-1.1219889867729205
0.5970000000000002,-1.1421685040663203,-1.1639865750648715,-1.118854992024391
0.5980000000000001,-1.1391505125805463,-1.161078299330052,-1.1159097495793373
0.5986891992932123,-1.1371387688022407,-1.159238214796956,-1.1138165588189324
0.5990000000000002,-1.1362324790927805,-1.1581306405216405,-1.1127499584818823
0.6000000000000001,-1.1331765998134675,-1.1553985369466977,-1.1096104613758453
0.6010000000000002,-1.1301681455001422,-1.152519732480737,-1.1065425458596312
0.6020000000000001,-1.1272850883947125,-1.1496149071561914,-1.1034913546424758
0.6030000000000002,-1.1241501801543876,-1.146610362684673,-1.1004489285897838
0.6040000000000001,-1.1211284959281005,-1.1438166276087065,-1.0972245062098065
0.6050000000000002,-1.1182290770514443,-1.1410402814549543,-1.0943220222799313
0.6060000000000001,-1.115223268311495,-1.1381162604077353,-1.0912497919123896
0.6070000000000002,-1.1124087517953314,-1.1352712462961772,-1.0881171005195869
0.6080000000000001,-1.1095268394507611,-1.1323671002600324,-1.0851198553909494
0.6090000000000002,-1.1064609589399055,-1.1294464288651023,-1.0820904850508442
0.6100000000000001,-1.1036828437151773,-1.1266572099165797,-1.079105061058708
0.6110000000000002,-1.1007741484937426,-1.1236873396822293,-1.0759334047232132
0.6120000000000001,-1.0978316647308815,-1.1209371807918502,-1.0729734731803808
0.6130000000000002,-1.0948890697274916,-1.1180147897547001,-1.0699335740646623
0.6140000000000001,-1.0921225827719045,-1.115239448552372,-1.066891406753305
0.6150000000000002,-1.0893595778712535,-1.1126447764546938,-1.0638959344436243
0.6160000000000001,-1.0862964796810046,-1.1098884094893595,-1.0609712883189035
0.6165500066672462,-1.0848134501251443,-1.1084507186210837,-1.0591842469128205
0.6170000000000002,-1.0836078744314084,-1.1070599673743189,-1.0578365041901026
0.6180000000000001,-1.080717354918924,-1.10442461403284,-1.0547362245301422
0.6190000000000002,-1.0781699878485296,-1.1018172354548645,-1.0518335623254274
0.6200000000000001,-1.0752921528260133,-1.099035990639704,-1.0486005982108928
0.6210000000000002,-1.0727237488085886,-1.0964235716947992,-1.045511798350214
0.6220000000000001,-1.0700507474793417,-1.093622469706187,-1.0423255149679551
0.6230000000000002,-1.067497597629592,-1.091068284883137,-1.0389715627648122
0.6240000000000001,-1.064951722594956,-1.088444554299019,-1.0353908505988776
0.6250000000000002,-1.0625083116262566,-1.086013796201634,-1.0318353342631488
0.6260000000000001,-1.0599933199428295,-1.0833897495453106,-1.0284903397746052
0.6270000000000002,-1.057699556702816,-1.0810730135445032,-1.024483721724636
0.6280000000000001,-1.0553148553709475,-1.0785786907816886,-1.02085729633902
0.6290000000000002,-1.0529838640430382,-1.0763380546225654,-1.016941664973507
0.6300000000000001,-1.050427556478092,-1.0740973507548879,-1.0132610416918852
0.6310000000000002,-1.0483134338138622,-1.0720184972087743,-1.0090725775055094
0.63124373429079,-1.0475696491593878,-1.0714030232996856,-1.008221038504458
0.6320000000000001,-1.0458018037003174,-1.0697608072145801,-1.0053820670926517
0.6330000000000002,-1.043629393704748,-1.0678264435103357,-1.0010542868870598
0.6340000000000001,-1.0414494916091044,-1.0660195839840827,-0.9972091154771583
0.6350000000000002,-1.0390636531366388,-1.0641244284950342,-0.9931643569853539
0.6360000000000001,-1.0366733882217762,-1.0624552026325247,-0.9888356421606381
0.6370000000000002,-1.0342142262656662,-1.0608716083925378,-0.9845063264811533
0.6380000000000001,-1.0318567015381501,-1.0596191474949717,-0.9803633128130204
0.6390000000000002,-1.0293230970516838,-1.0580493462958152,-0.9756611429182704
0.6400000000000001,-1.0270375462957615,-1.056671772273239,-0.9712932041703674
0.6410000000000002,-1.0247493790289095,-1.0555307235561289,-0.9664396451108266
0.6420000000000001,-1.0223286735790427,-1.0544921488589318,-0.9618408439460292
0.6430000000000002,-1.0198485506080373,-1.0534103634203735,-0.9567535949002557
0.6440000000000001,-1.0174110526324713,-1.0524819795435627,-0.952316453282324
0.6450000000000002,-1.0147608829308417,-1.0513944041696979,-0.9473437286975759
0.6460000000000001,-1.0122479930353911,-1.0504669162080456,-0.9423564462917815
0.6470000000000002,-1.0096602558569334,-1.049601674645924,-0.937129874470507
0.6480000000000001,-1.0068449541807163,-1.0487516690111494,-0.9327345713811477
0.6490000000000002,-1.0045056404723611,-1.0479946903358859,-0.9275797477694838
0.6500000000000001,-1.0017628939824217,-1.0472377180299282,-0.9230103164338994
0.6510000000000002,-0.9993635243228008,-1.0464971228187177,-0.9182511334782777
0.6520000000000001,-0.9968468321581638,-1.046063820571815,-0.9133068768702359
0.6530000000000002,-0.994395843185498,-1.0452891992062403,-0.9080877990088839
0.6540000000000001,-0.992078102712084,-1.0453539607649476,-0.9030991325274456
0.6550000000000002,-0.9893891598877177,-1.0446821581917858,-0.8981431285089019
0.6560000000000001,-0.986875977067794,-1.0444284053047677,-0.8925252243979831
0.6570000000000003,-0.9843223951901897,-1.043719797947967,-0.8873131174461124
0.6580000000000001,-0.981750576606458,-1.0435907893558443,-0.8820692018588605
0.6590000000000003,-0.9788860177051952,-1.0432770425853013,-0.8767529178274098
0.6600000000000001,-0.97645518445058,-1.0432128919608588,-0.8710818783007896
0.6610000000000003,-0.9740132200116058,-1.0430532567469786,-0.8654954977843052
0.6620000000000001,-0.9711266648557166,-1.0426128982756668,-0.8601534529422481
0.6630000000000003,-0.9685322807520085,-1.042423004159499,-0.8549271939134528
0.6640000000000001,-0.9664562746014096,-1.04238188755936,-0.8493823077410381
0.6650000000000003,-0.9636310055295989,-1.0423851547591112,-0.8438568115912701
0.6660000000000001,-0.9612624317846381,-1.0425206862338043,-0.8382262311854627
0.6670000000000003,-0.9585208619971539,-1.0421829891145131,-0.8327464484623505
0.6680000000000001,-0.9562524813989536,-1.0426211612011005,-0.8272564363277928
0.669,-0.9535945866090699,-1.0428483445203331,-0.8218114605116587
0.67,-0.9512431900509284,-1.0431738988440666,-0.815836328455187
