Mass,Teff,Teff_lb,Teff_ub
0.07,2324.7126590812964,2246.066501929754,2394.1386933515114
0.07100000000000001,2337.293516466996,2261.1736704119867,2404.616581853818
0.07200000000000001,2350.6633637599252,2275.9399208471777,2415.2934544519635
0.07300000000000001,2362.9124544318133,2290.9013130451403,2426.397205652156
0.07400000000000001,2375.323662889268,2305.712050482921,2436.935051200182
0.07500000000000001,2387.9865309576026,2320.588596233268,2447.9653952793888
0.07600000000000001,2399.9524871692547,2334.995792347963,2458.20348766488
0.07700000000000001,2412.8630660312824,2349.7421713873614,2469.240933252396
0.07800000000000001,2425.046115881768,2364.5347655589553,2479.9087243752656
0.07900000000000001,2437.464121784131,2378.1302203974883,2490.9516925819976
0.08000000000000002,2449.709198441569,2392.69100055144,2501.064893942079
0.08100000000000002,2461.9364144417523,2406.571750818614,2512.0812496782955
0.08200000000000002,2474.2363864999047,2420.1776586266737,2523.1110578342114
0.08229766542876583,2477.5620835007403,2424.3233763833437,2526.36925590411
0.083,2486.123226377712,2434.291859397668,2533.059728007541
0.084,2498.0964600958105,2447.9078993223243,2544.2060931047417
0.085,2509.9671595924037,2461.8067750663067,2554.8131833311577
0.08600000000000001,2521.9729945551653,2475.084301705604,2565.585459603816
0.08700000000000001,2533.709504604613,2488.475222871643,2576.135966406536
0.08800000000000001,2545.126676553066,2501.4400721523602,2587.0881235017446
0.08811479731439766,2546.420762140603,2502.896035905759,2588.0447933223218
0.08900000000000001,2556.6573274136963,2514.6335020934507,2597.7104307478594
0.08980164496364623,2566.0394017546023,2524.8883736780595,2606.758581761391
0.09000000000000001,2568.207830790405,2527.587801138856,2608.2407485455637
0.09100000000000001,2580.1736109656586,2540.13390848109,2619.4651622133933
0.09138426165976109,2584.292597639236,2544.903052714503,2623.2107416320255
0.09200000000000001,2591.483049623408,2553.4124858540026,2629.964675020391
0.09291457976248862,2601.8881245477014,2564.428982402964,2640.0485904242555
0.09300000000000001,2603.072992150392,2565.4247605029304,2640.5182850064875
0.09400000000000001,2614.3859020016725,2577.6501948984883,2651.4057821205165
0.09500000000000001,2625.8818675156763,2590.3882757950714,2661.9096848277413
0.09600000000000002,2637.1135273429186,2601.941614852167,2672.5791725571457
0.09700000000000002,2648.3559183365364,2614.0195831361693,2683.1667568574317
0.09800000000000002,2659.461919326146,2625.7917248818185,2693.9309370293167
0.09900000000000002,2670.4194272670343,2636.951762360915,2704.122668546978
0.1,2681.401115150333,2648.751638781398,2714.9801913971505
0.101,2692.414830786577,2660.0360892044982,2725.2279557697184
0.10200000000000001,2702.97686038209,2671.2671492837844,2735.5285267621202
0.10300000000000001,2713.53635775236,2682.383807387091,2746.1140303660736
0.10400000000000001,2724.0943110336248,2693.0321147162786,2756.5977610182035
0.10500000000000001,2734.668103204016,2703.66319270609,2766.693233857308
0.10600000000000001,2744.929952894533,2714.4242789209347,2777.2119441339178
0.10700000000000001,2755.824378394302,2724.7671791141242,2787.2466414141772
0.10800000000000001,2765.7675167318866,2735.0602678997343,2797.316481912404
0.10900000000000001,2775.8942622240647,2744.8608597854172,2807.576885615814
0.11000000000000001,2786.197198771754,2755.508380000409,2817.266389909007
0.11007472155582318,2786.5608927340027,2756.127162665207,2818.126541156493
0.11100000000000002,2796.2679874921905,2765.2205698965113,2827.170167341547
0.11200000000000002,2805.837587033943,2775.3412328510985,2837.269483528622
0.11300000000000002,2815.471084790231,2784.9299921931224,2847.2295444139704
0.11400000000000002,2825.099299844954,2794.740441068219,2856.84866847126
0.11500000000000002,2834.6937425038573,2803.9056480467025,2866.5110399157725
0.11600000000000002,2844.1244882357923,2813.498445338836,2876.271562972647
0.11700000000000002,2853.579470546897,2822.2030690074334,2885.4139367019457
0.11800000000000002,2862.617639018291,2831.7419747219283,2895.073524156535
0.11900000000000002,2871.865819901685,2840.830008607896,2904.0637077193387
0.12000000000000002,2880.9158259100345,2849.8555408436696,2913.292501475002
0.12100000000000002,2889.711108963854,2858.443400082445,2922.374296688025
0.12200000000000003,2898.421516060969,2867.110805436954,2931.3528862513667
0.12290698460103891,2906.341746679054,2875.1430333514613,2939.9220400306453
0.12300000000000003,2907.0901454328605,2875.8658896649977,2940.306984324969
0.12400000000000003,2915.5739480486545,2883.946266656733,2949.136770151417
0.12500000000000003,2924.151868183012,2892.790076948506,2957.527008894833
0.1251806565391655,2925.7981850661145,2894.461718399866,2959.1142471199187
0.12600000000000003,2932.5559004478478,2901.0421813035887,2966.1302996702543
0.12700000000000003,2941.015638846793,2909.1249484537652,2974.727067680686
0.12800000000000003,2949.0373694448945,2917.0286124539166,2983.002335955717
0.129,2957.250618579508,2925.076208505444,2990.880607811693
0.13,2965.110557053915,2933.268814016189,2999.1496204293867
0.131,2973.0378109950652,2940.8714994471256,3006.997010249915
0.132,2980.868632177317,2948.4908222856034,3014.9595401096412
0.133,2988.5817000087304,2956.5052991809243,3022.27769058211
0.134,2995.7703957885155,2963.825887626535,3030.7383728669165
0.135,3003.1183469261396,2971.0294613344804,3037.904633278241
0.136,3010.7155434940614,2978.3902728818653,3044.9672883315757
0.137,3017.7876316981738,2985.1179752859666,3052.381443863064
0.138,3025.048383675589,2992.625502780975,3059.440629483879
0.139,3031.8917772462164,2999.850964628629,3066.420384665262
0.14,3038.744353758889,3006.2333819850364,3073.375189095822
0.14100000000000001,3045.57075911635,3012.9543887885925,3079.8097570818536
0.14200000000000002,3052.262917303845,3019.769892137069,3086.182987470658
0.14300000000000002,3058.9835425100637,3026.6376331592446,3093.1851783885486
0.14400000000000002,3065.340963159347,3032.9154525749814,3099.1352238337754
0.14500000000000002,3071.4188196326477,3039.077008028881,3105.4454580698907
0.14505466870481754,3071.965473764048,3039.4169993051087,3105.9037566360903
0.14600000000000002,3077.570227721675,3045.7635066228504,3111.668578815255
0.14700000000000002,3083.88423254803,3051.594650356745,3117.4852479655005
0.14800000000000002,3090.17412810592,3057.495995172904,3123.375348185919
0.14900000000000002,3095.867244282048,3063.740608207182,3128.773856155351
0.15000000000000002,3101.929071466017,3069.3887651307923,3134.3389199602093
0.15100000000000002,3107.4451910826883,3074.814424555012,3140.295565696725
0.15200000000000002,3113.12587373084,3080.8261542581686,3145.179301903432
0.15300000000000002,3118.584395779805,3086.2338005710867,3150.746381739492
0.15400000000000003,3123.952692534698,3091.8734515275955,3155.91986569501
0.15500000000000003,3129.2530572242363,3096.999088318051,3161.5245081310836
0.15600000000000003,3134.4838266672837,3102.100665262843,3166.4474466528395
0.15700000000000003,3139.34961858495,3107.740091010522,3171.0044195936107
0.15731213362868723,3140.868362948327,3109.274793911497,3172.692219425768
0.15800000000000003,3144.424044673727,3112.54536966309,3175.730648178166
0.15900000000000003,3149.2139515235026,3117.5349140092344,3180.282664967066
0.16000000000000003,3153.869069359291,3122.4968982527175,3185.0550594700194
0.16100000000000003,3158.427501996065,3127.048740433217,3189.6131873392733
0.16103665083914465,3158.8615365941905,3127.1433980993365,3189.4758385567284
0.16200000000000003,3162.8522937808443,3131.6849321098016,3193.780333416535
0.16300000000000003,3167.489159929709,3136.880845341087,3197.902566678001
0.16400000000000003,3171.7976446625285,3141.2335487808914,3201.9612480272503
0.16500000000000004,3176.080647864034,3144.7472940326393,3206.0876544240564
0.16600000000000004,3180.1213635610143,3149.4453118091337,3210.0814350385176
0.16700000000000004,3184.216951023366,3153.7162472173072,3213.6282653771564
0.16800000000000004,3187.828746061255,3157.6145104543816,3217.92119742865
0.16900000000000004,3191.920284844207,3161.590655161341,3221.371810284077
0.17000000000000004,3195.973304309483,3165.6815139076984,3224.9686087395403
0.17100000000000004,3199.4603508222494,3169.099640588932,3228.521010658288
0.17200000000000004,3202.9243660523193,3173.1071769988143,3231.937204130209
0.17300000000000004,3206.479985089824,3176.5862627606552,3235.928972103104
0.17400000000000004,3209.8819064264985,3179.919546951275,3238.8253420646943
0.17500000000000004,3213.1141207760784,3183.371300283066,3241.8503120265086
0.17600000000000005,3216.51575467292,3186.766294952829,3245.3240639769715
0.17609128923313835,3216.822865776567,3187.3848328449544,3245.431249734431
0.17700000000000005,3219.3603583830345,3189.7062615783752,3248.137906381006
0.17734875983495368,3220.6527294248526,3190.885930572093,3249.4331650471727
0.17800000000000005,3222.469804151632,3193.446626426241,3251.5027406873523
0.17900000000000005,3225.2324094239248,3196.256208019636,3254.475133488864
0.18000000000000005,3228.459342319183,3198.9708474309336,3257.122148826595
0.18100000000000005,3230.9844446607253,3201.940199462452,3259.962692058219
0.18149697679567303,3232.4364436753795,3203.38785928765,3261.137471444221
0.18200000000000005,3233.81721734641,3205.0534177987265,3262.7898696609977
0.18260064118189623,3235.291437433248,3206.8189989164616,3263.9123555779906
0.18300000000000005,3236.539135227931,3207.507146801602,3265.511921601164
0.18400000000000005,3238.9478715630635,3210.3142686928163,3267.5454344349423
0.18500000000000005,3241.588032742305,3212.3603626082213,3270.3349175032267
0.18600000000000005,3244.50328750635,3215.5729929129707,3273.038703145315
0.18700000000000006,3246.421622275765,3218.171784443714,3275.063020184941
0.18800000000000003,3248.820538983726,3220.3670852497,3277.748504959327
0.18900000000000003,3251.033847979856,3222.6491205450197,3279.771733543441
0.19000000000000003,3253.3612748271757,3225.0041584405603,3281.9954989104976
0.19100000000000003,3255.402372257172,3227.081398503416,3284.000756026926
0.19200000000000003,3257.418890383372,3229.1362843314005,3286.1151509874526
0.19300000000000003,3259.5459446234318,3231.2681915857843,3287.5600612321778
0.19394416339916454,3261.260725939483,3233.1992864092126,3289.622506905217
0.19400000000000003,3261.4423596704996,3233.1770377053813,3289.388091971775
0.19500000000000003,3263.1935617761114,3235.192818795758,3291.5359407485576
0.19600000000000004,3265.3883523180307,3237.2042778058517,3293.3894754880603
0.19700000000000004,3266.798725709912,3239.171363385493,3295.29773282908
0.19800000000000004,3268.4641997665103,3240.550114788643,3297.0058495927856
0.19900000000000004,3270.136009131245,3242.1949449959334,3298.601697161921
0.20000000000000004,3271.619888382661,3243.959151066019,3300.3334116701526
0.20100000000000004,3273.5969519549785,3245.355257195131,3301.5308676465074
0.20200000000000004,3275.1524576188253,3246.757631739009,3303.127020361966
0.20300000000000004,3276.444370458712,3248.2850780387876,3304.7376411887126
0.20400000000000004,3278.2928526290025,3249.917910311629,3305.8385621467987
0.20500000000000004,3279.28463396288,3251.225035012706,3307.3934189221036
0.20600000000000004,3280.6311531231677,3252.6767108567124,3308.6296756775364
0.20700000000000005,3282.232697293045,3253.9102053554434,3309.814658467135
0.20800000000000005,3283.174912439967,3255.1058557864076,3310.9987861408204
0.20900000000000005,3284.337524552708,3256.535641558491,3312.0852658975436
0.21000000000000005,3285.6457702561006,3257.5760891186546,3313.4288161378927
0.21100000000000005,3286.6215407383083,3259.146542489421,3314.107598205001
0.21200000000000005,3287.821403102344,3259.534077345053,3314.990507233686
0.21300000000000005,3288.594413750917,3260.8662521690976,3316.387589910041
0.21400000000000005,3289.6127328798093,3261.9865564362153,3317.6617954578674
0.21500000000000005,3290.2624516876344,3263.030949758095,3318.024538278018
0.21600000000000005,3291.35074770698,3263.9487483556427,3318.9541561844867
0.21700000000000005,3292.2343499305784,3264.75038158397,3319.420460816776
0.21800000000000005,3292.907827919713,3265.4717921366964,3320.5176547174888
0.21821012277366883,3293.096664473908,3265.6241590870736,3320.900188396131
0.21900000000000006,3293.796495181336,3266.2690582401847,3321.174469835518
0.22000000000000003,3294.453952643743,3267.256387351775,3322.328995026311
0.22100000000000003,3295.3121737686415,3267.7957451096395,3322.333220352804
0.22200000000000003,3295.871563413769,3268.464424680573,3322.6517340126047
0.22300000000000003,3296.466475928248,3269.4198348515324,3323.8141233173405
0.22400000000000003,3297.2426354810127,3270.1007461600448,3324.0743420919016
0.22500000000000003,3297.8038856177473,3270.6095019970458,3324.5152062833286
0.22600000000000003,3298.170983960783,3271.1198952807445,3324.873104267136
0.22700000000000004,3298.823076652591,3271.5733805787727,3324.8813931931495
0.22800000000000004,3299.2954245828255,3272.2024027716534,3325.7844681728043
0.22900000000000004,3299.8230272719647,3273.131309956506,3326.19938371021
0.23000000000000004,3300.2157886361497,3273.4949104894454,3326.2962412508377
0.23100000000000004,3300.5206886805245,3273.8109663156083,3326.706060802036
0.2315577696814219,3301.035810284667,3274.345041352915,3326.594261226844
0.23200000000000004,3301.065216618414,3274.550963106555,3327.0747231436144
0.23300000000000004,3301.633525826503,3274.9868407404483,3326.7453124429153
0.23400000000000004,3301.918340933602,3275.318293888421,3327.652019210579
0.23500000000000004,3302.127816864444,3275.722630929771,3327.42432347285
0.23529072343218344,3302.5005027910834,3275.94496246576,3328.047490814976
0.23600000000000004,3302.5362555698903,3275.9227108067057,3328.104601465446
0.23700000000000004,3302.6437542038207,3276.352259314889,3328.1307270521233
0.23721027294373204,3302.7691553831282,3276.5853766680284,3328.4119849733734
0.23800000000000004,3302.7960917804667,3276.605736395846,3328.386102405399
0.23900000000000005,3303.3039327026745,3277.124659471816,3328.498258778511
0.24000000000000005,3303.553863624079,3277.4787617546303,3328.5401512936455
0.24021939504308476,3303.6596929737634,3277.42882733217,3328.7868243426615
0.24100000000000005,3303.5524088929296,3277.4972555347917,3328.8124518306213
0.24200000000000005,3303.9889123426833,3278.074238891484,3328.9829100031957
0.24300000000000005,3303.8799123984095,3278.4635610816827,3329.176625076646
0.24400000000000005,3304.396173102964,3278.5004940506356,3329.0410409930996
0.24500000000000005,3304.462070317282,3278.8506348338897,3329.181002757798
0.24600000000000005,3304.593517903523,3278.9984293756725,3329.3248836472812
0.24700000000000005,3304.8621542068463,3279.0479652978197,3329.6830070216183
0.24800000000000005,3304.960545137436,3279.564652981619,3329.8439174373184
0.24900000000000005,3304.9964345382173,3279.628722672995,3329.8265805561628
0.25000000000000006,3305.2260038271857,3279.906636759925,3329.9987833596
0.25100000000000006,3305.2662073683496,3279.8694572932536,3330.0964335140075
0.25200000000000006,3305.5979636236098,3280.0738803777954,3330.03345875154
0.2529016479389201,3305.454462265349,3280.307930916176,3330.420821438026
0.25300000000000006,3305.4835411349877,3280.1786968439988,3330.1202568388935
0.25400000000000006,3305.7610107407622,3280.417914785766,3330.468837126682
0.25500000000000006,3305.8415705316984,3280.627256653567,3330.3815346415945
0.25600000000000006,3306.00823599223,3280.962737557028,3330.229668717921
0.25700000000000006,3306.158599814631,3281.084115868104,3330.528768141452
0.25800000000000006,3306.317082249199,3281.489710638941,3330.597677238457
0.25900000000000006,3306.0728278352144,3281.343480155001,3330.898523534478
0.26000000000000006,3306.2364971370866,3281.923649384605,3330.797136934759
0.26100000000000007,3306.325991926288,3282.119664641961,3331.0477699089065
0.26200000000000007,3306.4031849509183,3282.0166457716514,3330.9347913967936
0.26259866929352804,3306.5978127631147,3282.3425655194237,3331.014916484339
0.263,3306.8771069889144,3282.1859602390605,3331.363779689971
0.264,3306.819586952525,3282.7004936076623,3331.0029875448217
0.26452825918377354,3307.0535000312557,3282.357690980317,3331.6696734125753
0.265,3306.9810463222484,3282.311644756607,3331.4051603184143
0.266,3307.1597987859577,3282.7957676332735,3331.2049311229957
0.267,3307.3593450745398,3282.75588928718,3331.8835460045875
0.268,3307.29220284311,3283.002794714744,3331.6018146228457
0.26818548647790896,3307.43119891592,3283.211033209683,3331.6849264225143
0.269,3307.7252338842018,3283.5563354657043,3331.6635540951834
0.27,3307.706930626739,3283.6819424767837,3331.961509202312
0.271,3308.211475488779,3283.936525895849,3331.8482109868655
0.27136983668260917,3307.7887623555366,3283.8362915973726,3332.2806622992503
0.272,3308.2607973257927,3284.1307250504738,3332.590455334993
0.273,3308.362930868992,3284.3799439853706,3332.5172458567463
0.274,3308.496187242831,3284.6803298423088,3332.4317763820604
0.27423300427535136,3308.625832932347,3284.8158088887717,3332.5941927398403
0.275,3308.8084808207313,3284.77046672415,3332.7281382400665
0.276,3308.965709447453,3285.2880682424666,3333.1838436250305
0.277,3309.3829180869093,3285.5734130396245,3333.5663907967164
0.278,3309.681161672485,3285.6176693538814,3333.54985389235
0.279,3309.7856074353695,3286.1482260235016,3333.8308942242
0.28,3310.180892046489,3286.599603835006,3334.3051774086557
0.281,3310.654674612052,3287.1150360338484,3334.670899333993
0.28200000000000003,3310.8708575088167,3287.416807438127,3335.10881129772
0.28300000000000003,3311.174456881106,3287.8034163471207,3335.140709780914
0.28400000000000003,3311.7845679793304,3288.168650747834,3335.4864076953704
0.28500000000000003,3312.0615854953285,3288.5614306950524,3336.2924731725584
0.28600000000000003,3312.572001845294,3288.8982706400534,3336.8385366907205
0.28700000000000003,3313.004710744553,3289.2494823613883,3336.803064022051
0.28800000000000003,3313.3914461266604,3290.1863146404403,3337.7575736645927
0.28900000000000003,3314.023681697112,3290.660233983228,3337.7580992437634
0.29000000000000004,3314.0837660831176,3290.907120620908,3338.617672254357
0.29100000000000004,3314.87683961896,3291.8204860374294,3339.2762101381513
0.29200000000000004,3315.479281967007,3292.4160321087666,3339.6844063171966
0.29300000000000004,3316.295718327366,3292.879664826447,3339.982878290367
0.29400000000000004,3316.721201342202,3293.8587137089844,3340.64257523462
0.29428121960450315,3316.9570854183357,3293.7665311933833,3340.9147751317537
0.29500000000000004,3317.268221871205,3294.2399611594406,3341.4803154898427
0.29600000000000004,3318.105586282487,3294.959842817902,3341.620990150432
0.29700000000000004,3318.8333103151026,3295.742655776021,3342.710335887801
0.29800000000000004,3319.469187536963,3296.6878373703717,3343.27657758536
0.29819329599549477,3319.759117846515,3296.5482375539536,3343.381620971555
0.29900000000000004,3320.4183658946063,3297.2975602173096,3344.18199047026
0.30000000000000004,3320.91508515703,3298.2741863548645,3344.7505330983404
0.30100000000000005,3321.8525018193795,3298.7000548313786,3345.717257303489
0.30200000000000005,3322.5355791450065,3299.8345073424557,3346.368277727993
0.30300000000000005,3323.6743651312117,3300.647164299607,3347.1448236298575
0.3035271393442765,3324.0292877956467,3301.0856118344873,3347.79910038923
0.3037108917529434,3324.175073776207,3301.156295629356,3348.2087206023807
0.30400000000000005,3324.418321605936,3301.705998494943,3348.17284024368
0.30500000000000005,3325.206549295906,3302.632980638481,3349.441749050723
0.30600000000000005,3326.16523101702,3303.540015582936,3350.033333100137
0.30700000000000005,3327.034198743153,3304.186090343712,3351.1243519835957
0.3071751507199879,3327.089014224201,3304.234673983219,3350.9701907626463
0.30800000000000005,3328.039738626879,3305.5182874730904,3352.0872019225503
0.30900000000000005,3329.0577685069843,3306.4589671971175,3352.8966495298096
0.31000000000000005,3329.7955546216845,3307.557317411438,3354.042364424944
0.31100000000000005,3331.3280232979246,3308.7854464585876,3355.1185784252243
0.31200000000000006,3332.277442756909,3309.8745856494675,3356.142940385657
0.31300000000000006,3333.5249137122846,3310.902951697635,3357.6371639888644
0.31400000000000006,3334.6370622294717,3311.8532280431386,3358.406301486311
0.31500000000000006,3335.911858213823,3313.1182345474267,3359.5805198041908
0.3159081157786916,3336.907307763217,3314.38348265629,3360.5877925204986
0.31600000000000006,3337.020493494255,3314.097554250358,3360.739616310643
0.31700000000000006,3338.315656827862,3315.412888789081,3362.1446019966766
0.31800000000000006,3339.4806325163418,3316.4305928756435,3363.1412950154763
0.31900000000000006,3340.81577232072,3317.772000194689,3364.5706643385834
0.32000000000000006,3342.200560940272,3319.0550578839498,3365.8559923617686
0.32008860907817804,3342.2507992342016,3319.6260979226745,3366.028886930767
0.32100000000000006,3343.567007977648,3320.3225559839843,3367.340302785383
0.32200000000000006,3344.9438130245208,3321.601379178955,3368.5787376078133
0.32300000000000006,3346.2472409018455,3322.905454154731,3369.8881523383475
0.32400000000000007,3347.7985670815997,3324.137807470924,3371.478131533494
0.32500000000000007,3349.1590131139887,3325.7399231119516,3373.1961842570777
0.32600000000000007,3350.645056038547,3327.133477894302,3374.4321787958647
0.32670376805998674,3351.592731594754,3328.4418118400763,3375.485365538408
0.32700000000000007,3352.2278986220444,3328.6057468735326,3376.0273205497842
0.32800000000000007,3353.555898724524,3330.094834155412,3377.7783143882866
0.32900000000000007,3355.3438067570246,3331.5755318583297,3379.3464771659824
0.33000000000000007,3356.891564401471,3333.034143837624,3380.9013290734565
0.33100000000000007,3358.4169120970564,3334.5186192665897,3382.328942220368
0.3320000000000001,3359.9914252091294,3336.2292662468312,3384.023568013841
0.3330000000000001,3361.4712718201986,3337.6237251214766,3385.8014517715387
0.3340000000000001,3363.0955557831535,3339.390048474361,3387.6086281467583
0.3350000000000001,3364.8810140581245,3340.512557839934,3389.2110056004053
0.3360000000000001,3366.734865541297,3342.1566116559934,3391.214032649281
0.3360275057092562,3366.7926472265003,3342.3333348039205,3391.1169275955726
0.3370000000000001,3368.5406693646332,3343.710074414877,3392.614495630193
0.3380000000000001,3370.099807972551,3345.306761604367,3394.636530645004
0.3390000000000001,3371.7059906545446,3347.1813914241634,3396.2073103188445
0.3400000000000001,3373.7613448831685,3348.870827876345,3398.084071552512
0.3410000000000001,3375.52359701047,3350.5504901537947,3400.1593276009867
0.3420000000000001,3377.522156141194,3352.642130051462,3401.8720290826122
0.3430000000000001,3379.0995499955875,3353.9667507030344,3404.1295296701846
0.3440000000000001,3380.9036155743884,3356.0107620194963,3405.72147668434
0.3450000000000001,3382.807474391605,3357.620089647907,3407.94949166852
0.3459180882588884,3384.663561450782,3359.0559754168066,3409.2291257349693
0.3460000000000001,3384.7472581694997,3359.4645910022223,3409.952091763875
0.3470000000000001,3386.307276217649,3361.2456614809685,3411.9850528890797
0.3480000000000001,3388.435700663421,3362.9385888614925,3413.6916505465465
0.3490000000000001,3390.063875268567,3364.915390701514,3415.656288348944
0.3500000000000001,3391.9973229369502,3366.3974381145904,3417.9605084821214
0.3510000000000001,3394.027367251815,3368.2283720523096,3420.064146401249
0.3520000000000001,3395.9932924792774,3370.145768817231,3422.100797078954
0.35270937664471524,3397.4698111918215,3371.479958224885,3423.4722136748737
0.3530000000000001,3397.858436054314,3372.033968217453,3424.1413660089074
0.3540000000000001,3399.951132661229,3373.8810755489094,3426.211079779758
0.3550000000000001,3401.925558211355,3375.833058073046,3428.39561622163
0.3553068390981111,3402.3448273375448,3376.350371823482,3429.2319016709425
0.3560000000000001,3403.833383957355,3377.9835406252673,3430.4978257252465
0.3570000000000001,3406.0965923850567,3379.5852772385283,3432.3157660650472
0.3580000000000001,3407.4426778615316,3381.4538195089494,3434.416884563561
0.3590000000000001,3409.3325388447365,3383.213511375687,3436.6998938325864
0.3600000000000001,3411.521775392672,3385.0455352000836,3438.8386160325012
0.3610000000000001,3413.141214898256,3387.0327695128412,3440.8620965172663
0.3620000000000001,3415.1589053783623,3388.704064985726,3442.8848722866705
0.3630000000000001,3417.19061180934,3390.432676019412,3445.4236639794913
0.3640000000000001,3418.9680526059096,3392.7548623050493,3447.528758488607
0.3650000000000001,3421.0128327587495,3394.2825787784413,3449.3138051957512
0.3660000000000001,3422.5452833856293,3396.2580355476425,3451.229297413984
0.3670000000000001,3424.615937427956,3398.1493171937523,3453.160883807133
0.3680000000000001,3426.559152559753,3399.963146959379,3455.3771286177102
0.36900000000000005,3428.7619236709147,3401.9933142484088,3457.4375963637317
0.37000000000000005,3430.2672279227963,3403.746819675373,3459.1022426369786
0.37100000000000005,3432.334801387368,3405.5003589649154,3460.8673175185086
0.37200000000000005,3434.157187359853,3407.479697482823,3462.6506091428696
0.37300000000000005,3436.0730816244645,3409.1127834445415,3464.8344879613223
0.37400000000000005,3437.7384328968014,3410.776448723633,3466.8802232439166
0.37500000000000006,3439.9229001260205,3412.975472139584,3468.629637991246
0.37600000000000006,3441.466855158195,3414.8218542293503,3470.035140300545
0.37700000000000006,3443.618455014459,3416.11882675503,3471.8175965908804
0.37800000000000006,3445.2898135890555,3417.8568942859156,3473.636930218374
0.37900000000000006,3446.989050763179,3420.046864529934,3475.5530821098077
0.38000000000000006,3448.774111877126,3421.538372303039,3477.2824040873356
0.38100000000000006,3450.703389226274,3423.4022647234933,3478.9199721449227
0.38200000000000006,3452.2806509863026,3425.3216966460345,3481.038084169013
0.38300000000000006,3453.9882732620567,3426.9147302710185,3482.3317622275877
0.38400000000000006,3455.6778440346534,3428.7974932663574,3483.9089725071735
0.38500000000000006,3457.7333299319666,3430.394539684757,3485.5258325676514
0.38600000000000007,3459.3863445015577,3432.170619376792,3487.2477834196684
0.38700000000000007,3461.0697313589217,3433.7487870541418,3489.0390512530594
0.38800000000000007,3462.839606572899,3435.3460282500237,3490.5592110727284
0.3889236042162152,3464.0760078764,3437.0067935263096,3491.7693752356868
0.38900000000000007,3464.1224461152597,3437.0103096081366,3491.6682135221063
0.39000000000000007,3465.8649613177563,3438.892879028336,3493.105677968543
0.39100000000000007,3467.401158004765,3440.381853621717,3494.8981628583033
0.39200000000000007,3468.9579091264554,3442.012279362146,3496.397315041619
0.39252757016455536,3469.551371580696,3443.0986275717037,3497.0612775299464
0.39300000000000007,3470.412934428291,3443.7394351463317,3497.806535534686
0.3940000000000001,3471.9448474787932,3445.3867096297804,3499.1048481829503
0.3950000000000001,3473.454355798131,3446.9399522489357,3500.8282305204525
0.3960000000000001,3475.012403825525,3448.138957081261,3501.847201612936
0.3970000000000001,3476.362468310609,3449.821060633478,3503.5472374554333
0.3980000000000001,3477.7950070138136,3451.4329840649725,3504.7676274299656
0.3990000000000001,3479.174437527506,3452.6308495833237,3505.754150471984
0.4000000000000001,3480.684999746213,3454.05014012336,3507.330623039932
0.4010000000000001,3482.041852295113,3455.7290955001204,3508.7821498199787
0.4020000000000001,3483.432357582835,3457.130962382021,3509.959048326878
0.4030000000000001,3484.8247180171934,3458.7141846389604,3511.3578080632956
0.4040000000000001,3486.0743987396886,3459.864812237508,3512.4232581979472
0.4050000000000001,3487.2698458918353,3461.428682841985,3514.0513117404703
0.40536323829516313,3487.9861830592,3461.955095626706,3514.3507393053674
0.4060000000000001,3488.5475869394845,3462.7447630985366,3515.1269572877086
0.4070000000000001,3490.112615245243,3463.624335303141,3516.5244885660677
0.4080000000000001,3491.3014633707094,3464.7206743703327,3517.8045360169504
0.4090000000000001,3492.518325278517,3466.3986763828166,3518.9535628231915
0.4100000000000001,3493.7500408027176,3467.7801903531504,3520.285006012208
0.41067343058300265,3494.6963845923965,3468.198358400986,3521.3193305086784
0.4110000000000001,3495.2214872361474,3468.724518279649,3521.641070501203
0.4120000000000001,3496.3357364416493,3469.9341533384786,3522.9168660712944
0.4130000000000001,3497.516538550887,3471.1671391997666,3523.827219490894
0.41302240271594065,3497.3641013967977,3471.200373744984,3523.7743215973283
0.4140000000000001,3498.8069165742018,3472.348966854883,3525.043793422764
0.4150000000000001,3499.9696421679114,3473.589520157434,3526.3165339044735
0.4160000000000001,3500.9716017964324,3474.486535176223,3527.2221995170453
0.4170000000000001,3502.1085963366595,3475.9264142962493,3528.9982566892027
0.4180000000000001,3503.423455354961,3476.648227900823,3530.103172672924
0.4190000000000001,3504.679635202069,3477.917309511481,3531.4924381738074
0.4200000000000001,3505.8208159177793,3479.07513568548,3532.8030346656437
0.4210000000000001,3506.9210514948277,3480.3161882743634,3533.832637969362
0.4220000000000001,3508.365994518831,3481.593584389177,3535.177648475897
0.4230000000000001,3509.5534485583257,3482.356855832728,3536.172297622942
0.4240000000000001,3510.870648486935,3483.502757141923,3537.598907357258
0.4250000000000001,3511.9868453491613,3484.3485870888944,3538.8845438456583
0.4250810591092923,3511.8689855161992,3484.568700549308,3538.968382013019
0.42563907293008796,3512.864587323455,3485.29350037294,3539.9823447346025
0.4260000000000001,3513.2030490002667,3485.7011658533047,3540.3420338061997
0.4270000000000001,3514.375959518932,3486.637052652007,3541.5066291417766
0.4280000000000001,3515.5995130998367,3487.8428137709084,3542.724125737689
0.4290000000000001,3517.0702379709633,3489.1087852882956,3544.0022643679113
0.4300000000000001,3518.162339156407,3490.668284445282,3545.1016865560105
0.4310000000000001,3519.4644047575807,3491.7835981468293,3547.103164661347
0.4320000000000001,3520.942108796565,3492.7282681665247,3548.115996644707
0.4330000000000001,3522.1891550013775,3493.6529685823666,3549.389322405658
0.4340000000000001,3523.1772383881303,3494.6563476687384,3550.550316686493
0.4350000000000001,3524.473501625229,3496.1131069119065,3552.010993580388
0.4360000000000001,3526.1266413429444,3497.0745673056067,3553.218614610494
0.4370000000000001,3527.142722499139,3498.3578913453034,3554.9722018769326
0.4380000000000001,3528.6225853999813,3499.6644506898424,3556.2708582442383
0.4390000000000001,3529.8044317958697,3500.4734567262753,3557.793408058827
0.4400000000000001,3531.1595193580833,3501.6249434906385,3559.1725244136746
0.44054675150163847,3531.8405549657455,3502.5414754474095,3559.936337906577
0.4410000000000001,3532.357079129155,3503.289359519974,3560.7216460088557
0.4420000000000001,3533.53123087273,3504.5811693880287,3561.9987483595046
0.4430000000000001,3535.303378877018,3505.563676898869,3562.931745620949
0.4440000000000001,3536.6170007141413,3507.169468080001,3564.6940203849167
0.4450000000000001,3538.067891015774,3508.3307974139184,3566.05705481443
0.4460000000000001,3539.2434287171936,3509.7301887848034,3567.7342677341817
0.4470000000000001,3540.7191628540477,3510.6921216404503,3568.7102168370207
0.4480000000000001,3541.869941515432,3512.406135200744,3570.2278275358194
0.4490000000000001,3543.7766943218153,3513.612653501008,3571.716720291981
0.4500000000000001,3544.779968758243,3514.9616971362098,3573.218003637125
0.4510000000000001,3546.294231523501,3516.535841242204,3574.7135093038487
0.4520000000000001,3547.8767444089153,3517.889416836237,3576.473176511529
0.4530000000000001,3549.1921765856796,3519.015486692962,3577.560154284043
0.4540000000000001,3550.6841067720025,3520.785271461999,3579.3015071222794
0.45500000000000007,3552.1221452499262,3522.175378078373,3580.608556843811
0.45600000000000007,3554.0309828522395,3523.6317280415105,3581.9560382395966
0.4570000000000001,3555.1742782020447,3525.571239120338,3583.562528338834
0.4580000000000001,3556.548493266537,3526.5404193851887,3584.879735396842
0.4590000000000001,3558.385993893925,3528.5593609857797,3586.361187804179
0.4600000000000001,3559.8866719556113,3529.610616064039,3587.8751904512774
0.46079381980549183,3561.3237156973955,3531.1493760573535,3589.272020730462
0.4610000000000001,3561.463096003993,3531.5962455090444,3589.755336166456
0.4620000000000001,3563.0720936267126,3533.157748495154,3591.175350872274
0.4630000000000001,3564.6435481438352,3534.872950885794,3593.355893397744
0.4640000000000001,3566.226631788709,3536.5980935302828,3594.4730305980092
0.4650000000000001,3567.843493731778,3538.2852828080077,3595.667582403843
0.46539542261852596,3568.5531378269907,3538.718301848094,3596.829375296412
0.4660000000000001,3569.326385606188,3539.948073540048,3597.6778678337796
0.4670000000000001,3570.9176174941213,3541.2575116222083,3599.1961113321627
0.4680000000000001,3572.523690377618,3543.1921310855946,3601.015909873258
0.4690000000000001,3574.2189614360864,3544.7694288238167,3602.3974409085304
0.4700000000000001,3575.7260117888873,3546.6679200150957,3604.315969305353
0.4710000000000001,3577.7486052342338,3548.5777517666097,3606.1004742911846
0.4720000000000001,3579.3726100491376,3549.850532074203,3607.928201348848
0.4730000000000001,3580.68438339669,3551.7022206224524,3609.3580500219073
0.4740000000000001,3582.527675886538,3553.571422270452,3611.1984920492214
0.4750000000000001,3584.3625562386296,3555.351406795887,3612.8874848461387
0.4760000000000001,3586.0269866122,3557.0957879993903,3614.570351765778
0.4770000000000001,3587.921165542273,3558.9614513794577,3616.1050605460127
0.4780000000000001,3589.6681699275,3560.4568953224557,3617.979295516776
0.4790000000000001,3591.1876772105043,3562.523094510171,3619.84789960466
0.47916487467198,3591.594342604016,3562.642145168728,3620.1453313342354
0.4800000000000001,3592.898033690171,3564.1816405062577,3621.6468400352996
0.4810000000000001,3594.647331371228,3566.0482077056754,3623.2944797199357
0.4820000000000001,3596.7346489854085,3567.923435075797,3625.234381453563
0.4830000000000001,3598.112657435274,3569.6462681691955,3627.2493973465703
0.4840000000000001,3600.0020203291765,3571.8389446853776,3628.7503385490545
0.48492429613217025,3601.7874205689395,3573.3300047941148,3630.4708065828513
0.4850000000000001,3602.096758614082,3573.5137293979496,3630.5820121306947
0.4860000000000001,3603.657133044839,3575.4970118209694,3632.054565618472
0.4870000000000001,3605.4561233430536,3577.2303644910903,3634.526392221148
0.4876791463813632,3606.7226043846504,3578.8203201891583,3635.5618462215198
0.4880000000000001,3607.4520030310023,3579.338032366158,3636.1852595057717
0.4890000000000001,3609.158094758304,3581.1533903351174,3637.9724077197493
0.4900000000000001,3611.3199735724156,3582.9550428750845,3639.571494905304
0.4910000000000001,3613.0895465536955,3585.003464581364,3641.4471242995155
0.4920000000000001,3615.1111160159567,3586.966141630906,3643.7698196209517
0.4930000000000001,3617.21290498909,3588.6791879434236,3645.8095753628822
0.4940000000000001,3618.9103299343224,3590.6068336570825,3647.3548643515464
0.4950000000000001,3621.0245674884586,3592.355068412138,3649.7982447341187
0.49530570055301915,3621.4915179109266,3593.011407769743,3649.9571391956883
0.4960000000000001,3622.9906922141568,3594.742249055152,3651.7111319697124
0.4970000000000001,3625.16556636806,3596.287278115265,3653.220834871277
0.4980000000000001,3627.021177281666,3598.557198884478,3655.155885631509
0.4990000000000001,3629.1649188002975,3600.37324441806,3657.540650405887
0.5000000000000001,3631.2170803050726,3602.3711536099117,3659.138672929371
0.5010000000000001,3633.367751014682,3604.4015198724874,3661.09110197996
0.5020000000000001,3635.352402129075,3606.381636390085,3663.518974486027
0.502351060658057,3636.0459956109667,3607.0571109241846,3663.819806354578
0.5030000000000001,3637.207903266441,3608.331137053638,3665.344485059792
0.5040000000000001,3639.359322998716,3610.4523952439604,3666.9520101037306
0.5050000000000001,3641.2745129662794,3612.5746808952576,3669.4515223453104
0.5060000000000001,3643.67102386708,3614.7781229267653,3671.649059028249
0.5070000000000001,3645.679247613823,3616.6357304122143,3673.9105605991094
0.5080000000000001,3647.565676563472,3618.692339471507,3675.636717067905
0.5090000000000001,3649.802919297696,3620.4764089577725,3677.7855643892162
0.5100000000000001,3652.134053941248,3623.0501953832804,3680.177498576466
0.5110000000000001,3654.0452107720726,3624.9922078637705,3682.1291218131346
0.5120000000000001,3656.1923147004536,3627.554432328157,3684.352832814915
0.5130000000000001,3658.629174886651,3629.5609928906497,3686.941041142033
0.5140000000000001,3660.859834248207,3631.6909505134977,3689.047448938642
0.5150000000000001,3662.7771363733896,3634.0295252946676,3691.0443203945224
0.5160000000000001,3665.177415108096,3636.601346609814,3693.346641561262
0.5170000000000001,3667.3513085317877,3638.305559791232,3695.570985623102
0.5180000000000001,3669.502791997617,3641.0790078331192,3697.839319467698
0.5190000000000001,3671.642540882791,3642.9549784142187,3699.949468941782
0.5200000000000001,3674.0773457899195,3645.657523664295,3702.2661204618125
0.5210000000000001,3676.423064078218,3647.6807504556436,3705.068870098321
0.5220000000000001,3678.750288882759,3650.0258582186298,3706.9645784344093
0.5230000000000001,3680.9545230170875,3652.6493481578786,3709.43886244396
0.5239716844460169,3683.278821628202,3654.9481737448605,3711.673782255431
0.5240000000000001,3683.254200976507,3654.5041454359894,3712.114658210823
0.5250000000000001,3685.7060157959536,3656.898826072827,3714.31021754548
0.5260000000000001,3687.927549940309,3659.417543257096,3716.816086193716
0.5270000000000001,3690.2258941569644,3661.391202810552,3719.307225464999
0.5280000000000001,3692.74464858702,3664.5285657197487,3721.738404104769
0.5290000000000001,3694.8143297112233,3666.0683851009235,3724.023081915906
0.5300000000000001,3697.334243048416,3668.497490644623,3726.4860777243307
0.5310000000000001,3700.0557495066278,3671.084743368328,3729.161792529299
0.5320000000000001,3702.45313013755,3673.541882138121,3731.500335786065
0.5330000000000001,3704.9598715897037,3675.6712019868596,3734.1808954819217
0.5340000000000001,3707.1730240066026,3678.353261417422,3736.560673611654
0.5350000000000001,3709.529065254112,3680.7873779181687,3738.7392647054635
0.5360000000000001,3712.0928686140314,3683.054765920858,3741.4111176987853
0.5370000000000001,3714.537268370221,3685.6342956277813,3743.9467520024436
0.5380000000000001,3717.0851986452294,3687.988078725253,3746.5449709990403
0.5390000000000001,3719.617015067478,3690.7549183844703,3748.820265903884
0.54,3721.9630304787293,3693.1086053756394,3751.4381795560735
0.5409099435927622,3724.6126448840664,3695.225939823819,3753.8834751118266
0.5410000000000001,3724.6386693189525,3695.398463410853,3754.3938009129706
0.542,3727.244313832543,3697.962996264071,3756.9832132545243
0.5430000000000001,3729.7385596562226,3700.128168632757,3759.5973817057925
0.544,3732.4631644534284,3702.687521756924,3761.7682729589383
0.5450000000000002,3734.925352467166,3705.513290485626,3764.7804216871823
0.5451499868232611,3735.5746681087353,3705.861011820429,3764.7524308784573
0.546,3737.5981260929975,3707.9520181161706,3767.192395226254
0.5470000000000002,3740.283256817673,3710.638981773584,3770.042335004769
0.547074622343345,3740.3234310535154,3710.6385745389443,3770.21853142506
0.548,3742.949152588293,3713.0256000339705,3772.6786597756336
0.5490000000000002,3745.594791142036,3715.4250252091692,3775.3652574260927
0.55,3748.3247200648657,3718.428786383943,3778.3245128148506
0.5510000000000002,3750.8655337928813,3721.045074058106,3780.9290898986246
0.5513296517400597,3751.8289972045923,3721.8825163550746,3781.7841352829314
0.552,3753.606715860526,3723.5813823752296,3783.6052767084593
0.552761719306835,3755.6417913730843,3725.4442958984,3785.7775270658426
0.5530000000000002,3756.282179705549,3726.1179097469903,3786.717105781424
0.554,3759.117722133868,3728.7547801180262,3789.75403021251
0.5550000000000002,3761.6081907092794,3731.3142941395577,3792.244147366847
0.556,3764.3932400889153,3733.7776711160395,3795.010755983909
0.5565150943746826,3765.9221475955246,3735.079892142062,3796.625851022447
0.5570000000000002,3767.2022602479838,3736.2368917352555,3797.8654818346536
0.558,3769.903551243353,3739.1026930694597,3801.078239095111
0.5590000000000002,3772.6372706793545,3741.2602751165186,3803.7391997131526
0.56,3775.4320909227604,3744.4012443048023,3806.7592003559203
0.5603358474285367,3776.3059741284956,3745.4790338577022,3807.9062106314805
0.5610000000000002,3778.118361102612,3746.932109287825,3809.780427330501
0.562,3780.9128337471648,3749.9714362860977,3812.7656607227896
0.5630000000000002,3783.734070192372,3752.5562452188055,3815.957218168817
0.5640000000000001,3786.2084679698723,3755.2989514209144,3818.992990469186
0.5650000000000002,3788.8456902516887,3757.957571190956,3822.117656814151
0.5660000000000001,3791.851872007517,3760.431680896924,3825.1168831494397
0.5670000000000002,3794.686457141339,3763.541535556139,3828.3444092018303
0.5680000000000001,3797.6339300480518,3765.775692587065,3831.4212210618634
0.5690000000000002,3800.553999087727,3768.699350354578,3834.8176773657783
0.5700000000000001,3803.209410130887,3771.2798226734767,3837.8244283973518
0.5710000000000002,3806.2892025830497,3774.0241778005775,3840.614753892557
0.5720000000000001,3809.5223074803976,3776.8353926588898,3844.193179330283
0.5730000000000002,3812.4367940925977,3779.5593141347713,3847.2665065744995
0.5740000000000001,3815.062325113969,3782.420831744846,3850.917234949145
0.5750000000000002,3817.778571651437,3784.906077216318,3854.220636048737
0.5760000000000001,3820.862242201186,3787.5710185430553,3857.6127525659185
0.5770000000000002,3823.9443254315042,3790.2563178785545,3860.7008796762216
0.5780000000000001,3826.758712228994,3792.4881561407,3863.9500549354766
0.5790000000000002,3829.5885674301444,3795.636684201463,3867.6885792421044
0.5800000000000001,3832.735513685918,3798.215430716897,3870.782579896973
0.5810000000000002,3835.5014605753404,3800.989988307689,3874.6190174668322
0.5820000000000001,3838.8527004224766,3803.7062429053544,3877.527040187053
0.5830000000000002,3841.7637795085557,3806.556087403682,3881.337333691403
0.5840000000000001,3844.8120580398327,3809.1066710068653,3885.068333231126
0.5850000000000002,3847.9367606547357,3811.5794620751735,3888.3546306331086
0.5860000000000001,3850.8937136826808,3814.2255588755993,3892.118108808312
0.5870000000000002,3853.9133035426266,3816.948319844406,3895.0793862016553
0.5880000000000001,3857.3165581659437,3819.706152224253,3898.3224622064704
0.5890000000000002,3860.294414511067,3821.9637014189725,3902.1539986074895
0.5899094400932794,3862.9455101664953,3824.980106117833,3905.7539363282553
0.5900000000000001,3863.2319621282836,3824.9915436277697,3905.5542684620264
0.5910000000000002,3866.6709600659833,3827.8205504188154,3909.809391161839
0.5920000000000001,3869.6005677359885,3830.500672291853,3912.974721975974
0.5930000000000002,3872.8601638237164,3833.2740321916212,3916.4763399248427
0.5940000000000001,3875.6966708545324,3835.72741174583,3920.6043518492424
0.5950000000000002,3878.505910770525,3838.368907883181,3924.1773700890026
0.5960000000000001,3881.8358344276685,3841.323207548983,3928.0719754788142
0.5970000000000002,3884.8408276560554,3843.809553926739,3931.754227143281
0.5980000000000001,3888.1021093441577,3846.2127995414708,3935.5678556842063
0.5986891992932123,3889.8483674196546,3848.4775498034373,3937.7720168736305
0.5990000000000002,3890.8657041575066,3849.1734086744627,3939.57568826388
0.6000000000000001,3893.9522216588107,3852.0728973559435,3943.1932204056648
0.6010000000000002,3896.966431692304,3854.038172088755,3947.051001300206
0.6020000000000001,3900.0874636342755,3856.8104760782303,3950.5674764364203
0.6030000000000002,3903.1167046594433,3859.3193684421512,3954.5460683811325
0.6040000000000001,3906.1538483237655,3861.5826312843437,3958.801485346471
0.6050000000000002,3908.901873257465,3864.013138124368,3962.057416045531
0.6060000000000001,3911.914087840274,3866.2947158609045,3966.0555024254477
0.6070000000000002,3914.8894648436976,3868.950553027533,3969.4489754176398
0.6080000000000001,3917.736534821396,3871.0737532128483,3973.533658512081
0.6090000000000002,3920.7565620564988,3873.266024026621,3977.649131817511
0.6100000000000001,3923.9076973192637,3875.2890883209107,3981.080745473118
0.6110000000000002,3926.530371281318,3877.599513410722,3985.299961725576
0.6120000000000001,3929.7302693120305,3879.7087038435384,3989.2299454317094
0.6130000000000002,3932.650760927636,3882.072610539075,3993.694679164767
0.6140000000000001,3935.886374654373,3884.198396150667,3997.5626402094226
0.6150000000000002,3938.852109163645,3886.2718226844936,4001.4605404966806
0.6160000000000001,3942.1542026055317,3888.506183866129,4005.775245788323
0.6165500066672462,3943.225767199751,3889.8671140100364,4007.7101635315094
0.6170000000000002,3944.4770761512736,3890.927818078297,4009.633482745386
0.6180000000000001,3947.264573574848,3892.871629511486,4014.27597801317
0.6190000000000002,3950.343745532224,3894.8387898621686,4017.928772907653
0.6200000000000001,3953.284824946508,3896.7711851359463,4022.838167250137
0.6210000000000002,3956.3612650554096,3898.775122997449,4026.1705259975565
0.6220000000000001,3959.112079646326,3900.72765331187,4030.428683078783
0.6230000000000002,3962.5574219521773,3902.532277633093,4034.544521742875
0.6240000000000001,3964.973072299568,3904.289049373955,4037.8663287476315
0.6250000000000002,3967.942086096958,3906.437986245242,4042.2134674284603
0.6260000000000001,3970.5796280122313,3908.5006245906297,4046.1146707034736
0.6270000000000002,3973.7446293977773,3909.776257899214,4051.1749460057167
0.6280000000000001,3976.647424656549,3911.565439143879,4055.707315941927
0.6290000000000002,3979.6739075877767,3912.434034288952,4059.522612971562
0.6300000000000001,3982.279662652384,3914.773406211261,4063.7915508958954
0.6310000000000002,3985.0544985858387,3916.433517811459,4068.3030481071005
0.63124373429079,3985.4161064619443,3916.4423035381924,4069.878359794202
0.6320000000000001,3987.469321646713,3917.316489937226,4073.1684307959918
0.6330000000000002,3990.2129135622404,3918.968002987453,4077.545935923255
0.6340000000000001,3992.969914996934,3919.749627164191,4081.611283419292
0.6350000000000002,3995.4237749237013,3921.1883711241053,4086.732429678902
0.6360000000000001,3998.2428136124386,3922.2001464638697,4091.054692369684
0.6370000000000002,4001.0147779409344,3923.21210180166,4095.9782893980614
0.6380000000000001,4003.3916929930715,3924.8486848262814,4100.652296907137
0.6390000000000002,4006.0655842101664,3925.6507267302127,4105.7422163947695
0.6400000000000001,4008.402411778598,3927.12254152419,4109.540761905994
0.6410000000000002,4011.4259405268645,3927.843458640319,4114.984073594685
0.6420000000000001,4013.4650882473584,3928.854034644529,4119.1437537161255
0.6430000000000002,4016.2808609244166,3929.2420981024416,4123.5753759355
0.6440000000000001,4018.827633125757,3930.7545144137666,4128.659675103075
0.6450000000000002,4021.0933521491293,3931.0963303076187,4132.791625378036
0.6460000000000001,4023.6636025913676,3932.0470721989404,4138.392181889298
0.6470000000000002,4025.8526585855975,3932.794851582818,4143.174967761159
0.6480000000000001,4028.495610378287,3933.0608740631255,4147.9453239696695
0.6490000000000002,4030.5152708528244,3933.9522296428604,4152.368400201918
0.6500000000000001,4032.9136692351613,3934.0178668636067,4157.210541333602
0.6510000000000002,4035.142201283419,3934.1299540660507,4162.467441807547
0.6520000000000001,4037.2850639546,3934.8504774599414,4167.167480266312
0.6530000000000002,4039.6831621125557,3934.823853492981,4172.769919467699
0.6540000000000001,4042.042037139262,3934.8544168648887,4177.1419707390605
0.6550000000000002,4044.521614346626,3935.403181873458,4181.790774551143
0.6560000000000001,4046.8816258101233,3935.3647479703513,4186.494934402981
0.6570000000000003,4049.9355202360894,3935.390969092164,4191.875512650767
0.6580000000000001,4052.3215802955447,3935.393595863353,4197.054751786489
0.6590000000000003,4054.7647558179015,3935.3642582577295,4202.536494057847
0.6600000000000001,4057.111893426397,3934.9732856562428,4207.493210042142
0.6610000000000003,4059.615215657052,3935.129168076426,4212.830661526859
0.6620000000000001,4061.4002811705354,3934.6937119953955,4218.327934108971
0.6630000000000003,4063.382263707533,3934.0868046788296,4224.154366342298
0.6640000000000001,4065.9635705619216,3934.879431773793,4228.333204922862
0.6650000000000003,4067.5325493544065,3934.4040534524693,4233.674128314683
0.6660000000000001,4068.7890011769455,3934.0931772243903,4238.918268288234
0.6670000000000003,4071.127128432956,3934.3341478847915,4244.212360840601
0.6680000000000001,4073.9287196077744,3933.4252392546578,4249.381138329874
0.669,4075.9601848703055,3933.4611909275286,4254.194195146566
0.67,4078.178995231063,3932.517834249805,4259.802642228836
